[Licensing::Module] Trying to connect to existing licensing client channel...
Built from '6000.3/respin/6000.3.6f1-732c1ec89f18' branch; Version is '6000.3.6f1 (bbb010bdb8a3) revision 12300304'; Using compiler version '194234433'; Build Type 'Release'
OS: 'Windows 11  (10.0.26200) Professional' Language: 'hu' Physical Memory: 16309 MB
BatchMode: 1, IsHumanControllingUs: 0, StartBugReporterOnCrash: 0, Is64bit: 1
[Licensing::IpcConnector] Successfully connected to: "LicenseClient-mar4m" at "2026-05-01T01:25:06.332575Z"
System  architecture: x64
Process architecture: x64
Date: 2026-05-01T01:25:06Z

COMMAND LINE ARGUMENTS:
C:\Program Files\Unity\Hub\Editor\6000.3.6f1\Editor\Unity.exe
-adb2
-batchMode
-noUpm
-name
AssetImportWorker2
-projectPath
D:/Roll for Loyalty
-logFile
Logs/AssetImportWorker2.log
-srvPort
57475
-licensingIpc
LicenseClient-mar4m
-job-worker-count
5
-background-job-worker-count
8
-gc-helper-count
1
-name
AssetImport
Successfully changed project path to: D:/Roll for Loyalty
D:/Roll for Loyalty
[UnityMemory] Configuration Parameters - Can be set up in boot.config
    "memorysetup-temp-allocator-size-nav-mesh-worker=65536"
    "memorysetup-temp-allocator-size-audio-worker=65536"
    "memorysetup-temp-allocator-size-gfx=262144"
    "memorysetup-allocator-temp-initial-block-size-main=262144"
    "memorysetup-allocator-temp-initial-block-size-worker=262144"
    "memorysetup-temp-allocator-size-background-worker=32768"
    "memorysetup-temp-allocator-size-job-worker=262144"
    "memorysetup-temp-allocator-size-preload-manager=33554432"
    "memorysetup-temp-allocator-size-gi-baking-worker=262144"
    "memorysetup-temp-allocator-size-gi-baking-worker=262144"
    "memorysetup-temp-allocator-size-gi-baking-worker=262144"
    "memorysetup-temp-allocator-size-gi-baking-worker=262144"
    "memorysetup-temp-allocator-size-gi-baking-worker=262144"
    "memorysetup-bucket-allocator-granularity=16"
    "memorysetup-bucket-allocator-bucket-count=8"
    "memorysetup-bucket-allocator-block-size=33554432"
    "memorysetup-bucket-allocator-block-count=8"
    "memorysetup-main-allocator-block-size=16777216"
    "memorysetup-thread-allocator-block-size=16777216"
    "memorysetup-gfx-main-allocator-block-size=16777216"
    "memorysetup-gfx-thread-allocator-block-size=16777216"
    "memorysetup-cache-allocator-block-size=4194304"
    "memorysetup-typetree-allocator-block-size=2097152"
    "memorysetup-profiler-bucket-allocator-granularity=16"
    "memorysetup-profiler-bucket-allocator-bucket-count=8"
    "memorysetup-profiler-bucket-allocator-block-size=33554432"
    "memorysetup-profiler-bucket-allocator-block-count=8"
    "memorysetup-profiler-allocator-block-size=16777216"
    "memorysetup-profiler-editor-allocator-block-size=1048576"
    "memorysetup-temp-allocator-size-main=16777216"
    "memorysetup-job-temp-allocator-block-size=2097152"
    "memorysetup-job-temp-allocator-block-size-background=1048576"
    "memorysetup-job-temp-allocator-reduction-small-platforms=262144"
    "memorysetup-temp-allocator-size-cloud-worker=32768"
Player connection [5116]  Target information:

Player connection [5116]  * "[IP] 192.168.0.142 [Port] 0 [Flags] 2 [Guid] 574829238 [EditorId] 574829238 [Version] 1048832 [Id] WindowsEditor(7,mar4mers) [Debug] 1 [PackageName] WindowsEditor [ProjectName] Editor" 

Player connection [5116] Host joined multi-casting on [225.0.0.222:54997]...
Player connection [5116] Host joined alternative multi-casting on [225.0.0.222:34997]...
JobSystem: Creating JobQueue using job-worker-count value 5
Input System module state changed to: Initialized.
[Physics::Module] Initialized fallback backend.
[Physics::Module] Id: 0xdecafbad
Library Redirect Path: Library/
[Physics::Module] Selected backend.
[Physics::Module] Name: PhysX
[Physics::Module] Id: 0xf2b8ea05
[Physics::Module] SDK Version: 4.1.2
[Physics::Module] Integration Version: 1.0.0
[Physics::Module] Threading Mode: Multi-Threaded
Refreshing native plugins compatible for Editor in 4.31 ms, found 4 plugins.
Preloading 0 native plugins for Editor in 0.00 ms.
Initialize engine version: 6000.3.6f1 (bbb010bdb8a3)
[Subsystems] Discovering subsystems at path C:/Program Files/Unity/Hub/Editor/6000.3.6f1/Editor/Data/Resources/UnitySubsystems
[Subsystems] Discovering subsystems at path D:/Roll for Loyalty/Assets
GfxDevice: creating device client; kGfxThreadingModeNonThreaded
Direct3D:
    Version:  Direct3D 11.0 [level 11.1]
    Renderer: AMD Radeon RX 7600 XT (ID=0x7480)
    Vendor:   ATI
    VRAM:     16368 MB
    Driver:   32.0.21030.2001
Initialize mono
Mono path[0] = 'C:/Program Files/Unity/Hub/Editor/6000.3.6f1/Editor/Data/Managed'
Mono path[1] = 'C:/Program Files/Unity/Hub/Editor/6000.3.6f1/Editor/Data/MonoBleedingEdge/lib/mono/unityjit-win32'
Mono config path = 'C:/Program Files/Unity/Hub/Editor/6000.3.6f1/Editor/Data/MonoBleedingEdge/etc'
Using monoOptions --debugger-agent=transport=dt_socket,embedding=1,server=y,suspend=n,address=127.0.0.1:56548
Begin MonoManager ReloadAssembly
Registering precompiled unity dll's ...
Register platform support module: C:/Program Files/Unity/Hub/Editor/6000.3.6f1/Editor/Data/PlaybackEngines/WebGLSupport/UnityEditor.WebGL.Extensions.dll
Register platform support module: C:/Program Files/Unity/Hub/Editor/6000.3.6f1/Editor/Data/PlaybackEngines/WindowsStandaloneSupport/UnityEditor.WindowsStandalone.Extensions.dll
Registered in 0.002538 seconds.
- Loaded All Assemblies, in  1.916 seconds
Native extension for WindowsStandalone target not found
Native extension for WebGL target not found
ScheduleIndexationOnStartup MainProcess:False IndexOnStartup:True
Mono: successfully reloaded assembly
- Finished resetting the current domain, in  3.508 seconds
Domain Reload Profiling: 5421ms
	BeginReloadAssembly (404ms)
		ExecutionOrderSort (0ms)
		DisableScriptedObjects (0ms)
		BackupInstance (0ms)
		ReleaseScriptingObjects (0ms)
		CreateAndSetChildDomain (1ms)
	RebuildCommonClasses (94ms)
	RebuildNativeTypeToScriptingClass (16ms)
	initialDomainReloadingComplete (51ms)
	LoadAllAssembliesAndSetupDomain (1348ms)
		LoadAssemblies (400ms)
		RebuildTransferFunctionScriptingTraits (0ms)
		AnalyzeDomain (1344ms)
			TypeCache.Refresh (1343ms)
				TypeCache.ScanAssembly (1254ms)
			BuildScriptInfoCaches (0ms)
			ResolveRequiredComponents (0ms)
	FinalizeReload (3509ms)
		ReleaseScriptCaches (0ms)
		RebuildScriptCaches (0ms)
		SetupLoadedEditorAssemblies (3456ms)
			LogAssemblyErrors (0ms)
			InitializePlatformSupportModulesInManaged (52ms)
			SetLoadedEditorAssemblies (4ms)
			BeforeProcessingInitializeOnLoad (92ms)
			ProcessInitializeOnLoadAttributes (291ms)
			ProcessInitializeOnLoadMethodAttributes (3017ms)
			AfterProcessingInitializeOnLoad (0ms)
			EditorAssembliesLoaded (0ms)
		ExecutionOrderSort2 (0ms)
		AwakeInstancesAfterBackupRestoration (0ms)
========================================================================
Worker process is ready to serve import requests
Import Worker Mode flag is 0x00
Begin MonoManager ReloadAssembly
[Licensing::Module] Licensing is not yet initialized.
[Licensing::Client] Handshaking with LicensingClient:
  Version:                 1.17.4+4293ba1
  Session Id:              faf6d21995784a7b96801ff7af5cbc91
  Correlation Id:          ceb496f38c8a8a6474e02cb24aa0b953
  External correlation Id: 7894580616098694082
  Machine Id:              KcXMkKSTEP8dhhvjGPhPTtY5aFI=
[Licensing::Module] Successfully connected to LicensingClient on channel: "LicenseClient-mar4m" (connect: 0.00s, validation: 0.18s, handshake: 15.14s)
[Licensing::IpcConnector] Successfully connected to: "LicenseClient-mar4m-notifications" at "2026-05-01T01:25:21.6504438Z"
[Licensing::Module] Licensing Background thread has ended after 15.32s
[Licensing::Module] Licensing is initialized (took 0.27s).
[Licensing::Client] Successfully resolved entitlement details
[Licensing::Module] License group:
  Id: 7971618309081-UnityPersXXXX
  Product: Unity Personal
  Type: Assigned
  Expiration: Unlimited
Symbol file LoadedFromMemory is not a mono symbol file
- Loaded All Assemblies, in  1.461 seconds
Refreshing native plugins compatible for Editor in 1.46 ms, found 4 plugins.
Native extension for WindowsStandalone target not found
Native extension for WebGL target not found
Package Manager log level set to [2]
[Package Manager] Failed to launch server process. Reason: Unity was launched with the -noUpm command-line argument
[Package Manager] Unable to send message (not connected to server process).
[Package Manager] Cannot connect to Unity Package Manager local server
ScheduleIndexationOnStartup MainProcess:False IndexOnStartup:True
Mono: successfully reloaded assembly
- Finished resetting the current domain, in  2.350 seconds
Domain Reload Profiling: 3807ms
	BeginReloadAssembly (520ms)
		ExecutionOrderSort (0ms)
		DisableScriptedObjects (6ms)
		BackupInstance (0ms)
		ReleaseScriptingObjects (0ms)
		CreateAndSetChildDomain (35ms)
	RebuildCommonClasses (40ms)
	RebuildNativeTypeToScriptingClass (16ms)
	initialDomainReloadingComplete (43ms)
	LoadAllAssembliesAndSetupDomain (838ms)
		LoadAssemblies (508ms)
		RebuildTransferFunctionScriptingTraits (0ms)
		AnalyzeDomain (480ms)
			TypeCache.Refresh (359ms)
				TypeCache.ScanAssembly (276ms)
			BuildScriptInfoCaches (103ms)
			ResolveRequiredComponents (13ms)
	FinalizeReload (2351ms)
		ReleaseScriptCaches (0ms)
		RebuildScriptCaches (0ms)
		SetupLoadedEditorAssemblies (1778ms)
			LogAssemblyErrors (0ms)
			InitializePlatformSupportModulesInManaged (3ms)
			SetLoadedEditorAssemblies (6ms)
			BeforeProcessingInitializeOnLoad (175ms)
			ProcessInitializeOnLoadAttributes (1229ms)
			ProcessInitializeOnLoadMethodAttributes (357ms)
			AfterProcessingInitializeOnLoad (8ms)
			EditorAssembliesLoaded (0ms)
		ExecutionOrderSort2 (0ms)
		AwakeInstancesAfterBackupRestoration (8ms)
Launched and connected shader compiler UnityShaderCompiler.exe after 0.44 seconds
Refreshing native plugins compatible for Editor in 1.77 ms, found 4 plugins.
Preloading 0 native plugins for Editor in 0.00 ms.
Unloading 16 Unused Serialized files (Serialized files now loaded: 0)
Unloading 7967 unused Assets / (4.8 MB). Loaded Objects now: 8800.
Memory consumption went from 162.6 MB to 157.8 MB.
Total: 12.011600 ms (FindLiveObjects: 1.322700 ms CreateObjectMapping: 0.433600 ms MarkObjects: 6.810500 ms  DeleteObjects: 3.443800 ms)

========================================================================
Received Prepare
Refreshing native plugins compatible for Editor in 2.40 ms, found 4 plugins.
Preloading 0 native plugins for Editor in 0.00 ms.
Unloading 16 Unused Serialized files (Serialized files now loaded: 0)
Unloading 7954 unused Assets / (4.4 MB). Loaded Objects now: 8800.
Memory consumption went from 159.9 MB to 155.5 MB.
Total: 26.827700 ms (FindLiveObjects: 1.776500 ms CreateObjectMapping: 0.900000 ms MarkObjects: 18.943000 ms  DeleteObjects: 5.206200 ms)

Prepare: number of updated asset objects reloaded= 0
========================================================================
Received Import Request.
  Time since last request: 74032.311130 seconds.
  path: Assets/Scripts/Tests/MonsterTest.cs
  artifactKey: Guid(25a21998ac2494342aa14b32803894ce) Importer(2089858483,b0f066a214c2f5e87bad3c948f4d605d)
Start importing Assets/Scripts/Tests/MonsterTest.cs using Guid(25a21998ac2494342aa14b32803894ce) Importer(2089858483,b0f066a214c2f5e87bad3c948f4d605d) (ScriptedImporter) -> (artifact id: '4df4f278149a676f4c07b7644d8df126') in 0.3052068 seconds
Number of updated asset objects reloaded before import = 0Number of asset objects unloaded after import = 0

========================================================================
Received Prepare
Begin MonoManager ReloadAssembly
[Licensing::Client] Successfully resolved entitlement details
Symbol file LoadedFromMemory is not a mono symbol file
- Loaded All Assemblies, in  1.651 seconds
Refreshing native plugins compatible for Editor in 1.51 ms, found 4 plugins.
Native extension for WindowsStandalone target not found
Native extension for WebGL target not found
[Package Manager] Failed to launch server process. Reason: Unity was launched with the -noUpm command-line argument
[Package Manager] Unable to send message (not connected to server process).
[Package Manager] Cannot connect to Unity Package Manager local server
ScheduleIndexationOnStartup MainProcess:False IndexOnStartup:True
Mono: successfully reloaded assembly
- Finished resetting the current domain, in  1.264 seconds
Domain Reload Profiling: 2914ms
	BeginReloadAssembly (492ms)
		ExecutionOrderSort (0ms)
		DisableScriptedObjects (15ms)
		BackupInstance (0ms)
		ReleaseScriptingObjects (0ms)
		CreateAndSetChildDomain (78ms)
	RebuildCommonClasses (46ms)
	RebuildNativeTypeToScriptingClass (20ms)
	initialDomainReloadingComplete (37ms)
	LoadAllAssembliesAndSetupDomain (1054ms)
		LoadAssemblies (838ms)
		RebuildTransferFunctionScriptingTraits (0ms)
		AnalyzeDomain (340ms)
			TypeCache.Refresh (15ms)
				TypeCache.ScanAssembly (0ms)
			BuildScriptInfoCaches (300ms)
			ResolveRequiredComponents (14ms)
	FinalizeReload (1264ms)
		ReleaseScriptCaches (0ms)
		RebuildScriptCaches (0ms)
		SetupLoadedEditorAssemblies (1044ms)
			LogAssemblyErrors (0ms)
			InitializePlatformSupportModulesInManaged (3ms)
			SetLoadedEditorAssemblies (8ms)
			BeforeProcessingInitializeOnLoad (244ms)
			ProcessInitializeOnLoadAttributes (674ms)
			ProcessInitializeOnLoadMethodAttributes (106ms)
			AfterProcessingInitializeOnLoad (8ms)
			EditorAssembliesLoaded (1ms)
		ExecutionOrderSort2 (0ms)
		AwakeInstancesAfterBackupRestoration (15ms)
Refreshing native plugins compatible for Editor in 2.31 ms, found 4 plugins.
Preloading 0 native plugins for Editor in 0.00 ms.
Unloading 16 Unused Serialized files (Serialized files now loaded: 0)
Unloading 7965 unused Assets / (5.1 MB). Loaded Objects now: 8806.
Memory consumption went from 164.0 MB to 158.9 MB.
Total: 17.019300 ms (FindLiveObjects: 1.755500 ms CreateObjectMapping: 0.868500 ms MarkObjects: 9.122300 ms  DeleteObjects: 5.271500 ms)

Prepare: number of updated asset objects reloaded= 0
========================================================================
Received Prepare
Refreshing native plugins compatible for Editor in 2.08 ms, found 4 plugins.
Preloading 0 native plugins for Editor in 0.00 ms.
Unloading 16 Unused Serialized files (Serialized files now loaded: 0)
Unloading 7954 unused Assets / (5.0 MB). Loaded Objects now: 8806.
Memory consumption went from 164.2 MB to 159.2 MB.
Total: 16.667500 ms (FindLiveObjects: 1.642700 ms CreateObjectMapping: 0.579400 ms MarkObjects: 10.461100 ms  DeleteObjects: 3.982600 ms)

Prepare: number of updated asset objects reloaded= 0
========================================================================
Received Prepare
Begin MonoManager ReloadAssembly
Symbol file LoadedFromMemory is not a mono symbol file
- Loaded All Assemblies, in  1.078 seconds
Refreshing native plugins compatible for Editor in 2.10 ms, found 4 plugins.
Native extension for WindowsStandalone target not found
Native extension for WebGL target not found
[Package Manager] Failed to launch server process. Reason: Unity was launched with the -noUpm command-line argument
[Package Manager] Unable to send message (not connected to server process).
[Package Manager] Cannot connect to Unity Package Manager local server
ScheduleIndexationOnStartup MainProcess:False IndexOnStartup:True
Mono: successfully reloaded assembly
- Finished resetting the current domain, in  1.250 seconds
Domain Reload Profiling: 2326ms
	BeginReloadAssembly (307ms)
		ExecutionOrderSort (0ms)
		DisableScriptedObjects (15ms)
		BackupInstance (0ms)
		ReleaseScriptingObjects (0ms)
		CreateAndSetChildDomain (81ms)
	RebuildCommonClasses (61ms)
	RebuildNativeTypeToScriptingClass (20ms)
	initialDomainReloadingComplete (42ms)
	LoadAllAssembliesAndSetupDomain (645ms)
		LoadAssemblies (475ms)
		RebuildTransferFunctionScriptingTraits (0ms)
		AnalyzeDomain (313ms)
			TypeCache.Refresh (16ms)
				TypeCache.ScanAssembly (0ms)
			BuildScriptInfoCaches (276ms)
			ResolveRequiredComponents (14ms)
	FinalizeReload (1250ms)
		ReleaseScriptCaches (0ms)
		RebuildScriptCaches (0ms)
		SetupLoadedEditorAssemblies (1026ms)
			LogAssemblyErrors (0ms)
			InitializePlatformSupportModulesInManaged (4ms)
			SetLoadedEditorAssemblies (7ms)
			BeforeProcessingInitializeOnLoad (236ms)
			ProcessInitializeOnLoadAttributes (661ms)
			ProcessInitializeOnLoadMethodAttributes (106ms)
			AfterProcessingInitializeOnLoad (11ms)
			EditorAssembliesLoaded (1ms)
		ExecutionOrderSort2 (0ms)
		AwakeInstancesAfterBackupRestoration (22ms)
Refreshing native plugins compatible for Editor in 2.29 ms, found 4 plugins.
Preloading 0 native plugins for Editor in 0.00 ms.
Unloading 16 Unused Serialized files (Serialized files now loaded: 0)
Unloading 7965 unused Assets / (5.3 MB). Loaded Objects now: 8809.
Memory consumption went from 164.1 MB to 158.7 MB.
Total: 16.454100 ms (FindLiveObjects: 1.421100 ms CreateObjectMapping: 0.605800 ms MarkObjects: 10.423300 ms  DeleteObjects: 4.002100 ms)

Prepare: number of updated asset objects reloaded= 0
========================================================================
Received Prepare
Refreshing native plugins compatible for Editor in 2.28 ms, found 4 plugins.
Preloading 0 native plugins for Editor in 0.00 ms.
Unloading 16 Unused Serialized files (Serialized files now loaded: 0)
Unloading 7954 unused Assets / (4.3 MB). Loaded Objects now: 8809.
Memory consumption went from 164.2 MB to 159.9 MB.
Total: 15.442200 ms (FindLiveObjects: 1.702400 ms CreateObjectMapping: 0.735700 ms MarkObjects: 9.268800 ms  DeleteObjects: 3.733300 ms)

Prepare: number of updated asset objects reloaded= 0
========================================================================
Received Prepare
Begin MonoManager ReloadAssembly
Symbol file LoadedFromMemory is not a mono symbol file
- Loaded All Assemblies, in  1.124 seconds
Refreshing native plugins compatible for Editor in 1.63 ms, found 4 plugins.
Native extension for WindowsStandalone target not found
Native extension for WebGL target not found
[Package Manager] Failed to launch server process. Reason: Unity was launched with the -noUpm command-line argument
[Package Manager] Unable to send message (not connected to server process).
[Package Manager] Cannot connect to Unity Package Manager local server
ScheduleIndexationOnStartup MainProcess:False IndexOnStartup:True
Mono: successfully reloaded assembly
- Finished resetting the current domain, in  1.313 seconds
Domain Reload Profiling: 2434ms
	BeginReloadAssembly (315ms)
		ExecutionOrderSort (0ms)
		DisableScriptedObjects (21ms)
		BackupInstance (0ms)
		ReleaseScriptingObjects (0ms)
		CreateAndSetChildDomain (84ms)
	RebuildCommonClasses (56ms)
	RebuildNativeTypeToScriptingClass (22ms)
	initialDomainReloadingComplete (45ms)
	LoadAllAssembliesAndSetupDomain (683ms)
		LoadAssemblies (496ms)
		RebuildTransferFunctionScriptingTraits (0ms)
		AnalyzeDomain (321ms)
			TypeCache.Refresh (19ms)
				TypeCache.ScanAssembly (0ms)
			BuildScriptInfoCaches (282ms)
			ResolveRequiredComponents (13ms)
	FinalizeReload (1314ms)
		ReleaseScriptCaches (0ms)
		RebuildScriptCaches (0ms)
		SetupLoadedEditorAssemblies (1109ms)
			LogAssemblyErrors (0ms)
			InitializePlatformSupportModulesInManaged (3ms)
			SetLoadedEditorAssemblies (7ms)
			BeforeProcessingInitializeOnLoad (249ms)
			ProcessInitializeOnLoadAttributes (724ms)
			ProcessInitializeOnLoadMethodAttributes (115ms)
			AfterProcessingInitializeOnLoad (10ms)
			EditorAssembliesLoaded (1ms)
		ExecutionOrderSort2 (0ms)
		AwakeInstancesAfterBackupRestoration (16ms)
Refreshing native plugins compatible for Editor in 1.64 ms, found 4 plugins.
Preloading 0 native plugins for Editor in 0.00 ms.
Unloading 16 Unused Serialized files (Serialized files now loaded: 0)
Unloading 7965 unused Assets / (4.5 MB). Loaded Objects now: 8812.
Memory consumption went from 164.1 MB to 159.6 MB.
Total: 11.634700 ms (FindLiveObjects: 1.109700 ms CreateObjectMapping: 0.443600 ms MarkObjects: 6.912400 ms  DeleteObjects: 3.168000 ms)

Prepare: number of updated asset objects reloaded= 0
========================================================================
Received Prepare
Refreshing native plugins compatible for Editor in 2.26 ms, found 4 plugins.
Preloading 0 native plugins for Editor in 0.00 ms.
Unloading 16 Unused Serialized files (Serialized files now loaded: 0)
Unloading 7954 unused Assets / (4.4 MB). Loaded Objects now: 8812.
Memory consumption went from 164.3 MB to 159.8 MB.
Total: 17.538700 ms (FindLiveObjects: 2.124800 ms CreateObjectMapping: 1.736600 ms MarkObjects: 10.008700 ms  DeleteObjects: 3.666500 ms)

Prepare: number of updated asset objects reloaded= 0
========================================================================
Received Prepare
Begin MonoManager ReloadAssembly
[Licensing::Client] Successfully resolved entitlement details
Symbol file LoadedFromMemory is not a mono symbol file
- Loaded All Assemblies, in  1.140 seconds
Refreshing native plugins compatible for Editor in 1.45 ms, found 4 plugins.
Native extension for WindowsStandalone target not found
Native extension for WebGL target not found
[Package Manager] Failed to launch server process. Reason: Unity was launched with the -noUpm command-line argument
[Package Manager] Unable to send message (not connected to server process).
[Package Manager] Cannot connect to Unity Package Manager local server
ScheduleIndexationOnStartup MainProcess:False IndexOnStartup:True
Mono: successfully reloaded assembly
- Finished resetting the current domain, in  1.391 seconds
Domain Reload Profiling: 2531ms
	BeginReloadAssembly (333ms)
		ExecutionOrderSort (0ms)
		DisableScriptedObjects (20ms)
		BackupInstance (0ms)
		ReleaseScriptingObjects (0ms)
		CreateAndSetChildDomain (85ms)
	RebuildCommonClasses (63ms)
	RebuildNativeTypeToScriptingClass (21ms)
	initialDomainReloadingComplete (34ms)
	LoadAllAssembliesAndSetupDomain (689ms)
		LoadAssemblies (528ms)
		RebuildTransferFunctionScriptingTraits (0ms)
		AnalyzeDomain (306ms)
			TypeCache.Refresh (17ms)
				TypeCache.ScanAssembly (0ms)
			BuildScriptInfoCaches (268ms)
			ResolveRequiredComponents (14ms)
	FinalizeReload (1392ms)
		ReleaseScriptCaches (0ms)
		RebuildScriptCaches (0ms)
		SetupLoadedEditorAssemblies (1184ms)
			LogAssemblyErrors (0ms)
			InitializePlatformSupportModulesInManaged (3ms)
			SetLoadedEditorAssemblies (6ms)
			BeforeProcessingInitializeOnLoad (249ms)
			ProcessInitializeOnLoadAttributes (792ms)
			ProcessInitializeOnLoadMethodAttributes (122ms)
			AfterProcessingInitializeOnLoad (12ms)
			EditorAssembliesLoaded (1ms)
		ExecutionOrderSort2 (0ms)
		AwakeInstancesAfterBackupRestoration (15ms)
Refreshing native plugins compatible for Editor in 1.61 ms, found 4 plugins.
Preloading 0 native plugins for Editor in 0.00 ms.
Unloading 16 Unused Serialized files (Serialized files now loaded: 0)
Unloading 7965 unused Assets / (5.0 MB). Loaded Objects now: 8815.
Memory consumption went from 164.2 MB to 159.2 MB.
Total: 14.147300 ms (FindLiveObjects: 1.201000 ms CreateObjectMapping: 0.570600 ms MarkObjects: 8.639600 ms  DeleteObjects: 3.734800 ms)

Prepare: number of updated asset objects reloaded= 0
========================================================================
Received Prepare
Refreshing native plugins compatible for Editor in 1.68 ms, found 4 plugins.
Preloading 0 native plugins for Editor in 0.00 ms.
Unloading 16 Unused Serialized files (Serialized files now loaded: 0)
Unloading 7954 unused Assets / (4.4 MB). Loaded Objects now: 8815.
Memory consumption went from 164.3 MB to 159.9 MB.
Total: 18.339900 ms (FindLiveObjects: 1.562400 ms CreateObjectMapping: 0.749900 ms MarkObjects: 12.149800 ms  DeleteObjects: 3.876500 ms)

Prepare: number of updated asset objects reloaded= 0
========================================================================
Received Prepare
Begin MonoManager ReloadAssembly
[Licensing::Client] Successfully resolved entitlement details
Symbol file LoadedFromMemory is not a mono symbol file
- Loaded All Assemblies, in  1.164 seconds
Refreshing native plugins compatible for Editor in 2.17 ms, found 4 plugins.
Native extension for WindowsStandalone target not found
Native extension for WebGL target not found
[Package Manager] Failed to launch server process. Reason: Unity was launched with the -noUpm command-line argument
[Package Manager] Unable to send message (not connected to server process).
[Package Manager] Cannot connect to Unity Package Manager local server
ScheduleIndexationOnStartup MainProcess:False IndexOnStartup:True
Mono: successfully reloaded assembly
- Finished resetting the current domain, in  1.102 seconds
Domain Reload Profiling: 2266ms
	BeginReloadAssembly (307ms)
		ExecutionOrderSort (0ms)
		DisableScriptedObjects (16ms)
		BackupInstance (0ms)
		ReleaseScriptingObjects (0ms)
		CreateAndSetChildDomain (87ms)
	RebuildCommonClasses (66ms)
	RebuildNativeTypeToScriptingClass (24ms)
	initialDomainReloadingComplete (45ms)
	LoadAllAssembliesAndSetupDomain (721ms)
		LoadAssemblies (521ms)
		RebuildTransferFunctionScriptingTraits (0ms)
		AnalyzeDomain (339ms)
			TypeCache.Refresh (17ms)
				TypeCache.ScanAssembly (0ms)
			BuildScriptInfoCaches (302ms)
			ResolveRequiredComponents (14ms)
	FinalizeReload (1103ms)
		ReleaseScriptCaches (0ms)
		RebuildScriptCaches (0ms)
		SetupLoadedEditorAssemblies (915ms)
			LogAssemblyErrors (0ms)
			InitializePlatformSupportModulesInManaged (2ms)
			SetLoadedEditorAssemblies (5ms)
			BeforeProcessingInitializeOnLoad (208ms)
			ProcessInitializeOnLoadAttributes (582ms)
			ProcessInitializeOnLoadMethodAttributes (107ms)
			AfterProcessingInitializeOnLoad (9ms)
			EditorAssembliesLoaded (1ms)
		ExecutionOrderSort2 (0ms)
		AwakeInstancesAfterBackupRestoration (17ms)
Refreshing native plugins compatible for Editor in 2.09 ms, found 4 plugins.
Preloading 0 native plugins for Editor in 0.00 ms.
Unloading 16 Unused Serialized files (Serialized files now loaded: 0)
Unloading 7965 unused Assets / (4.4 MB). Loaded Objects now: 8818.
Memory consumption went from 164.2 MB to 159.8 MB.
Total: 13.931000 ms (FindLiveObjects: 1.642800 ms CreateObjectMapping: 0.965400 ms MarkObjects: 8.132700 ms  DeleteObjects: 3.188400 ms)

Prepare: number of updated asset objects reloaded= 0
========================================================================
Received Import Request.
  Time since last request: 337.572437 seconds.
  path: Assets/Scripts/Tests/Tests.asmdef
  artifactKey: Guid(91a735693b2373840836763ad6b7f22a) Importer(815301076,1909f56bfc062723c751e8b465ee728b)
Start importing Assets/Scripts/Tests/Tests.asmdef using Guid(91a735693b2373840836763ad6b7f22a) Importer(815301076,1909f56bfc062723c751e8b465ee728b) (PreviewImporter) -> (artifact id: '1bda2417638915df2564acc4eb81d78a') in 0.0019863 seconds
Number of updated asset objects reloaded before import = 0Number of asset objects unloaded after import = 0

========================================================================
Received Import Request.
  Time since last request: 340.569582 seconds.
  path: Assets/Scripts/Tests/MonsterTest.cs
  artifactKey: Guid(25a21998ac2494342aa14b32803894ce) Importer(2089858483,b0f066a214c2f5e87bad3c948f4d605d)
Start importing Assets/Scripts/Tests/MonsterTest.cs using Guid(25a21998ac2494342aa14b32803894ce) Importer(2089858483,b0f066a214c2f5e87bad3c948f4d605d) (ScriptedImporter) -> (artifact id: '7bb37e022ec3562466771674b08caa12') in 0.0844609 seconds
Number of updated asset objects reloaded before import = 0Number of asset objects unloaded after import = 0

========================================================================
Received Prepare
Refreshing native plugins compatible for Editor in 1.61 ms, found 4 plugins.
Preloading 0 native plugins for Editor in 0.00 ms.
Unloading 16 Unused Serialized files (Serialized files now loaded: 0)
Unloading 7955 unused Assets / (4.2 MB). Loaded Objects now: 8819.
Memory consumption went from 164.4 MB to 160.2 MB.
Total: 13.132800 ms (FindLiveObjects: 1.251200 ms CreateObjectMapping: 0.449800 ms MarkObjects: 8.379900 ms  DeleteObjects: 3.050600 ms)

Prepare: number of updated asset objects reloaded= 0
========================================================================
Received Import Request.
  Time since last request: 5.254741 seconds.
  path: Assets/Scripts/Tests/ItemTest.cs
  artifactKey: Guid(11711e71858d1e84f9df1a20029ec1d7) Importer(2089858483,b0f066a214c2f5e87bad3c948f4d605d)
Start importing Assets/Scripts/Tests/ItemTest.cs using Guid(11711e71858d1e84f9df1a20029ec1d7) Importer(2089858483,b0f066a214c2f5e87bad3c948f4d605d) (ScriptedImporter) -> (artifact id: '9ab09c62a0804f29e1b6a307ef7932ff') in 0.0065207 seconds
Number of updated asset objects reloaded before import = 0Number of asset objects unloaded after import = 0

========================================================================
Received Prepare
Begin MonoManager ReloadAssembly
[Licensing::Client] Successfully resolved entitlement details
Symbol file LoadedFromMemory is not a mono symbol file
- Loaded All Assemblies, in  1.020 seconds
Refreshing native plugins compatible for Editor in 1.80 ms, found 4 plugins.
Native extension for WindowsStandalone target not found
Native extension for WebGL target not found
[Package Manager] Failed to launch server process. Reason: Unity was launched with the -noUpm command-line argument
[Package Manager] Unable to send message (not connected to server process).
[Package Manager] Cannot connect to Unity Package Manager local server
ScheduleIndexationOnStartup MainProcess:False IndexOnStartup:True
Mono: successfully reloaded assembly
- Finished resetting the current domain, in  1.601 seconds
Domain Reload Profiling: 2622ms
	BeginReloadAssembly (291ms)
		ExecutionOrderSort (0ms)
		DisableScriptedObjects (18ms)
		BackupInstance (0ms)
		ReleaseScriptingObjects (0ms)
		CreateAndSetChildDomain (72ms)
	RebuildCommonClasses (42ms)
	RebuildNativeTypeToScriptingClass (18ms)
	initialDomainReloadingComplete (37ms)
	LoadAllAssembliesAndSetupDomain (633ms)
		LoadAssemblies (447ms)
		RebuildTransferFunctionScriptingTraits (0ms)
		AnalyzeDomain (315ms)
			TypeCache.Refresh (14ms)
				TypeCache.ScanAssembly (0ms)
			BuildScriptInfoCaches (280ms)
			ResolveRequiredComponents (15ms)
	FinalizeReload (1602ms)
		ReleaseScriptCaches (0ms)
		RebuildScriptCaches (0ms)
		SetupLoadedEditorAssemblies (1409ms)
			LogAssemblyErrors (0ms)
			InitializePlatformSupportModulesInManaged (2ms)
			SetLoadedEditorAssemblies (6ms)
			BeforeProcessingInitializeOnLoad (257ms)
			ProcessInitializeOnLoadAttributes (1015ms)
			ProcessInitializeOnLoadMethodAttributes (119ms)
			AfterProcessingInitializeOnLoad (10ms)
			EditorAssembliesLoaded (1ms)
		ExecutionOrderSort2 (0ms)
		AwakeInstancesAfterBackupRestoration (15ms)
Refreshing native plugins compatible for Editor in 2.04 ms, found 4 plugins.
Preloading 0 native plugins for Editor in 0.00 ms.
Unloading 16 Unused Serialized files (Serialized files now loaded: 0)
Unloading 7966 unused Assets / (4.7 MB). Loaded Objects now: 8822.
Memory consumption went from 164.2 MB to 159.6 MB.
Total: 15.535200 ms (FindLiveObjects: 1.796500 ms CreateObjectMapping: 0.594900 ms MarkObjects: 9.115200 ms  DeleteObjects: 4.027300 ms)

Prepare: number of updated asset objects reloaded= 0
========================================================================
Received Prepare
Refreshing native plugins compatible for Editor in 2.14 ms, found 4 plugins.
Preloading 0 native plugins for Editor in 0.00 ms.
Unloading 16 Unused Serialized files (Serialized files now loaded: 0)
Unloading 7955 unused Assets / (4.5 MB). Loaded Objects now: 8822.
Memory consumption went from 164.4 MB to 159.9 MB.
Total: 14.628000 ms (FindLiveObjects: 1.736400 ms CreateObjectMapping: 0.867100 ms MarkObjects: 8.494400 ms  DeleteObjects: 3.527500 ms)

Prepare: number of updated asset objects reloaded= 0
========================================================================
Received Prepare
Refreshing native plugins compatible for Editor in 1.56 ms, found 4 plugins.
Preloading 0 native plugins for Editor in 0.00 ms.
Unloading 16 Unused Serialized files (Serialized files now loaded: 0)
Unloading 7955 unused Assets / (4.9 MB). Loaded Objects now: 8822.
Memory consumption went from 164.4 MB to 159.5 MB.
Total: 15.464000 ms (FindLiveObjects: 1.501700 ms CreateObjectMapping: 0.582600 ms MarkObjects: 9.633900 ms  DeleteObjects: 3.744500 ms)

Prepare: number of updated asset objects reloaded= 0
========================================================================
Received Prepare
Refreshing native plugins compatible for Editor in 1.68 ms, found 4 plugins.
Preloading 0 native plugins for Editor in 0.00 ms.
Unloading 16 Unused Serialized files (Serialized files now loaded: 0)
Unloading 7955 unused Assets / (5.0 MB). Loaded Objects now: 8822.
Memory consumption went from 164.4 MB to 159.4 MB.
Total: 19.344300 ms (FindLiveObjects: 2.068300 ms CreateObjectMapping: 1.815600 ms MarkObjects: 10.322200 ms  DeleteObjects: 5.136300 ms)

Prepare: number of updated asset objects reloaded= 0
========================================================================
Received Prepare
Refreshing native plugins compatible for Editor in 1.65 ms, found 4 plugins.
Preloading 0 native plugins for Editor in 0.00 ms.
Unloading 16 Unused Serialized files (Serialized files now loaded: 0)
Unloading 7955 unused Assets / (4.5 MB). Loaded Objects now: 8822.
Memory consumption went from 164.4 MB to 159.9 MB.
Total: 17.312400 ms (FindLiveObjects: 1.393000 ms CreateObjectMapping: 0.508600 ms MarkObjects: 10.079400 ms  DeleteObjects: 5.329600 ms)

Prepare: number of updated asset objects reloaded= 0
========================================================================
Received Prepare
Refreshing native plugins compatible for Editor in 1.74 ms, found 4 plugins.
Preloading 0 native plugins for Editor in 0.00 ms.
Unloading 16 Unused Serialized files (Serialized files now loaded: 0)
Unloading 7955 unused Assets / (5.1 MB). Loaded Objects now: 8822.
Memory consumption went from 164.4 MB to 159.3 MB.
Total: 16.653700 ms (FindLiveObjects: 1.549200 ms CreateObjectMapping: 0.682700 ms MarkObjects: 9.987900 ms  DeleteObjects: 4.432500 ms)

Prepare: number of updated asset objects reloaded= 0
========================================================================
Received Prepare
Refreshing native plugins compatible for Editor in 1.68 ms, found 4 plugins.
Preloading 0 native plugins for Editor in 0.00 ms.
Unloading 16 Unused Serialized files (Serialized files now loaded: 0)
Unloading 7955 unused Assets / (4.6 MB). Loaded Objects now: 8822.
Memory consumption went from 164.4 MB to 159.8 MB.
Total: 20.100200 ms (FindLiveObjects: 1.944000 ms CreateObjectMapping: 1.257100 ms MarkObjects: 11.050200 ms  DeleteObjects: 5.845700 ms)

Prepare: number of updated asset objects reloaded= 0
========================================================================
Received Prepare
Refreshing native plugins compatible for Editor in 1.60 ms, found 4 plugins.
Preloading 0 native plugins for Editor in 0.00 ms.
Unloading 16 Unused Serialized files (Serialized files now loaded: 0)
Unloading 7955 unused Assets / (4.5 MB). Loaded Objects now: 8822.
Memory consumption went from 164.4 MB to 159.9 MB.
Total: 13.330300 ms (FindLiveObjects: 1.154600 ms CreateObjectMapping: 0.430300 ms MarkObjects: 8.625500 ms  DeleteObjects: 3.118300 ms)

Prepare: number of updated asset objects reloaded= 0
========================================================================
Received Prepare
Refreshing native plugins compatible for Editor in 2.19 ms, found 4 plugins.
Preloading 0 native plugins for Editor in 0.00 ms.
Unloading 16 Unused Serialized files (Serialized files now loaded: 0)
Unloading 7955 unused Assets / (4.4 MB). Loaded Objects now: 8822.
Memory consumption went from 164.4 MB to 159.9 MB.
Total: 17.079800 ms (FindLiveObjects: 1.607200 ms CreateObjectMapping: 0.851600 ms MarkObjects: 10.566200 ms  DeleteObjects: 4.053000 ms)

Prepare: number of updated asset objects reloaded= 0
========================================================================
Received Prepare
Refreshing native plugins compatible for Editor in 1.61 ms, found 4 plugins.
Preloading 0 native plugins for Editor in 0.00 ms.
Unloading 16 Unused Serialized files (Serialized files now loaded: 0)
Unloading 7955 unused Assets / (4.9 MB). Loaded Objects now: 8822.
Memory consumption went from 164.4 MB to 159.5 MB.
Total: 17.561200 ms (FindLiveObjects: 1.532400 ms CreateObjectMapping: 0.613800 ms MarkObjects: 10.732400 ms  DeleteObjects: 4.681000 ms)

Prepare: number of updated asset objects reloaded= 0
========================================================================
Received Prepare
Refreshing native plugins compatible for Editor in 2.20 ms, found 4 plugins.
Preloading 0 native plugins for Editor in 0.00 ms.
Unloading 16 Unused Serialized files (Serialized files now loaded: 0)
Unloading 7955 unused Assets / (4.5 MB). Loaded Objects now: 8822.
Memory consumption went from 164.4 MB to 159.9 MB.
Total: 16.096300 ms (FindLiveObjects: 1.990600 ms CreateObjectMapping: 0.749500 ms MarkObjects: 8.180500 ms  DeleteObjects: 5.174000 ms)

Prepare: number of updated asset objects reloaded= 0
========================================================================
Received Prepare
Refreshing native plugins compatible for Editor in 1.87 ms, found 4 plugins.
Preloading 0 native plugins for Editor in 0.00 ms.
Unloading 16 Unused Serialized files (Serialized files now loaded: 0)
Unloading 7955 unused Assets / (4.6 MB). Loaded Objects now: 8822.
Memory consumption went from 164.4 MB to 159.8 MB.
Total: 15.702200 ms (FindLiveObjects: 1.374300 ms CreateObjectMapping: 0.545800 ms MarkObjects: 9.523500 ms  DeleteObjects: 4.256900 ms)

Prepare: number of updated asset objects reloaded= 0
========================================================================
Received Prepare
Refreshing native plugins compatible for Editor in 2.20 ms, found 4 plugins.
Preloading 0 native plugins for Editor in 0.00 ms.
Unloading 16 Unused Serialized files (Serialized files now loaded: 0)
Unloading 7955 unused Assets / (4.4 MB). Loaded Objects now: 8822.
Memory consumption went from 164.4 MB to 160.0 MB.
Total: 17.455300 ms (FindLiveObjects: 1.884200 ms CreateObjectMapping: 0.991400 ms MarkObjects: 10.229100 ms  DeleteObjects: 4.349100 ms)

Prepare: number of updated asset objects reloaded= 0
========================================================================
Received Prepare
Refreshing native plugins compatible for Editor in 2.09 ms, found 4 plugins.
Preloading 0 native plugins for Editor in 0.00 ms.
Unloading 16 Unused Serialized files (Serialized files now loaded: 0)
Unloading 7955 unused Assets / (4.9 MB). Loaded Objects now: 8822.
Memory consumption went from 164.4 MB to 159.5 MB.
Total: 17.191100 ms (FindLiveObjects: 1.625700 ms CreateObjectMapping: 0.758500 ms MarkObjects: 10.417600 ms  DeleteObjects: 4.387300 ms)

Prepare: number of updated asset objects reloaded= 0
========================================================================
Received Prepare
Begin MonoManager ReloadAssembly
[Licensing::Client] Successfully resolved entitlement details
Symbol file LoadedFromMemory is not a mono symbol file
- Loaded All Assemblies, in  1.566 seconds
Refreshing native plugins compatible for Editor in 2.05 ms, found 4 plugins.
Native extension for WindowsStandalone target not found
Native extension for WebGL target not found
[Package Manager] Failed to launch server process. Reason: Unity was launched with the -noUpm command-line argument
[Package Manager] Unable to send message (not connected to server process).
[Package Manager] Cannot connect to Unity Package Manager local server
ScheduleIndexationOnStartup MainProcess:False IndexOnStartup:True
Mono: successfully reloaded assembly
- Finished resetting the current domain, in  1.970 seconds
Domain Reload Profiling: 3532ms
	BeginReloadAssembly (441ms)
		ExecutionOrderSort (0ms)
		DisableScriptedObjects (23ms)
		BackupInstance (0ms)
		ReleaseScriptingObjects (1ms)
		CreateAndSetChildDomain (113ms)
	RebuildCommonClasses (88ms)
	RebuildNativeTypeToScriptingClass (24ms)
	initialDomainReloadingComplete (45ms)
	LoadAllAssembliesAndSetupDomain (963ms)
		LoadAssemblies (673ms)
		RebuildTransferFunctionScriptingTraits (0ms)
		AnalyzeDomain (444ms)
			TypeCache.Refresh (21ms)
				TypeCache.ScanAssembly (2ms)
			BuildScriptInfoCaches (398ms)
			ResolveRequiredComponents (18ms)
	FinalizeReload (1971ms)
		ReleaseScriptCaches (0ms)
		RebuildScriptCaches (0ms)
		SetupLoadedEditorAssemblies (1753ms)
			LogAssemblyErrors (0ms)
			InitializePlatformSupportModulesInManaged (3ms)
			SetLoadedEditorAssemblies (7ms)
			BeforeProcessingInitializeOnLoad (322ms)
			ProcessInitializeOnLoadAttributes (1211ms)
			ProcessInitializeOnLoadMethodAttributes (202ms)
			AfterProcessingInitializeOnLoad (8ms)
			EditorAssembliesLoaded (1ms)
		ExecutionOrderSort2 (0ms)
		AwakeInstancesAfterBackupRestoration (19ms)
Refreshing native plugins compatible for Editor in 1.55 ms, found 4 plugins.
Preloading 0 native plugins for Editor in 0.00 ms.
Unloading 16 Unused Serialized files (Serialized files now loaded: 0)
Unloading 7966 unused Assets / (4.6 MB). Loaded Objects now: 8825.
Memory consumption went from 164.3 MB to 159.7 MB.
Total: 11.976100 ms (FindLiveObjects: 1.145900 ms CreateObjectMapping: 0.410600 ms MarkObjects: 6.992500 ms  DeleteObjects: 3.425900 ms)

Prepare: number of updated asset objects reloaded= 0
========================================================================
Received Prepare
Refreshing native plugins compatible for Editor in 2.10 ms, found 4 plugins.
Preloading 0 native plugins for Editor in 0.00 ms.
Unloading 16 Unused Serialized files (Serialized files now loaded: 0)
Unloading 7955 unused Assets / (4.8 MB). Loaded Objects now: 8825.
Memory consumption went from 164.4 MB to 159.7 MB.
Total: 19.148700 ms (FindLiveObjects: 1.736100 ms CreateObjectMapping: 1.491100 ms MarkObjects: 10.568600 ms  DeleteObjects: 5.351100 ms)

Prepare: number of updated asset objects reloaded= 0
========================================================================
Received Prepare
Begin MonoManager ReloadAssembly
[Licensing::Client] Successfully resolved entitlement details
Symbol file LoadedFromMemory is not a mono symbol file
- Loaded All Assemblies, in  1.159 seconds
Refreshing native plugins compatible for Editor in 1.49 ms, found 4 plugins.
Native extension for WindowsStandalone target not found
Native extension for WebGL target not found
[Package Manager] Failed to launch server process. Reason: Unity was launched with the -noUpm command-line argument
[Package Manager] Unable to send message (not connected to server process).
[Package Manager] Cannot connect to Unity Package Manager local server
ScheduleIndexationOnStartup MainProcess:False IndexOnStartup:True
Mono: successfully reloaded assembly
- Finished resetting the current domain, in  1.257 seconds
Domain Reload Profiling: 2415ms
	BeginReloadAssembly (382ms)
		ExecutionOrderSort (0ms)
		DisableScriptedObjects (22ms)
		BackupInstance (0ms)
		ReleaseScriptingObjects (0ms)
		CreateAndSetChildDomain (79ms)
	RebuildCommonClasses (56ms)
	RebuildNativeTypeToScriptingClass (17ms)
	initialDomainReloadingComplete (41ms)
	LoadAllAssembliesAndSetupDomain (661ms)
		LoadAssemblies (483ms)
		RebuildTransferFunctionScriptingTraits (0ms)
		AnalyzeDomain (316ms)
			TypeCache.Refresh (17ms)
				TypeCache.ScanAssembly (0ms)
			BuildScriptInfoCaches (278ms)
			ResolveRequiredComponents (14ms)
	FinalizeReload (1257ms)
		ReleaseScriptCaches (0ms)
		RebuildScriptCaches (0ms)
		SetupLoadedEditorAssemblies (1048ms)
			LogAssemblyErrors (0ms)
			InitializePlatformSupportModulesInManaged (3ms)
			SetLoadedEditorAssemblies (5ms)
			BeforeProcessingInitializeOnLoad (266ms)
			ProcessInitializeOnLoadAttributes (648ms)
			ProcessInitializeOnLoadMethodAttributes (114ms)
			AfterProcessingInitializeOnLoad (12ms)
			EditorAssembliesLoaded (1ms)
		ExecutionOrderSort2 (0ms)
		AwakeInstancesAfterBackupRestoration (17ms)
Refreshing native plugins compatible for Editor in 2.14 ms, found 4 plugins.
Preloading 0 native plugins for Editor in 0.00 ms.
Unloading 16 Unused Serialized files (Serialized files now loaded: 0)
Unloading 7966 unused Assets / (4.8 MB). Loaded Objects now: 8828.
Memory consumption went from 164.3 MB to 159.5 MB.
Total: 16.121600 ms (FindLiveObjects: 1.478500 ms CreateObjectMapping: 0.613500 ms MarkObjects: 9.741400 ms  DeleteObjects: 4.286600 ms)

Prepare: number of updated asset objects reloaded= 0
========================================================================
Received Prepare
Refreshing native plugins compatible for Editor in 2.29 ms, found 4 plugins.
Preloading 0 native plugins for Editor in 0.00 ms.
Unloading 16 Unused Serialized files (Serialized files now loaded: 0)
Unloading 7955 unused Assets / (4.7 MB). Loaded Objects now: 8828.
Memory consumption went from 164.5 MB to 159.8 MB.
Total: 17.393300 ms (FindLiveObjects: 2.003700 ms CreateObjectMapping: 0.731300 ms MarkObjects: 9.509600 ms  DeleteObjects: 5.147000 ms)

Prepare: number of updated asset objects reloaded= 0
========================================================================
Received Prepare
Refreshing native plugins compatible for Editor in 2.00 ms, found 4 plugins.
Preloading 0 native plugins for Editor in 0.00 ms.
Unloading 16 Unused Serialized files (Serialized files now loaded: 0)
Unloading 7955 unused Assets / (4.8 MB). Loaded Objects now: 8828.
Memory consumption went from 164.5 MB to 159.7 MB.
Total: 22.185900 ms (FindLiveObjects: 2.008700 ms CreateObjectMapping: 2.185000 ms MarkObjects: 12.851000 ms  DeleteObjects: 5.139000 ms)

Prepare: number of updated asset objects reloaded= 0
========================================================================
Received Prepare
Refreshing native plugins compatible for Editor in 1.54 ms, found 4 plugins.
Preloading 0 native plugins for Editor in 0.00 ms.
Unloading 16 Unused Serialized files (Serialized files now loaded: 0)
Unloading 7955 unused Assets / (5.0 MB). Loaded Objects now: 8828.
Memory consumption went from 164.5 MB to 159.5 MB.
Total: 16.768100 ms (FindLiveObjects: 1.375100 ms CreateObjectMapping: 0.799900 ms MarkObjects: 9.597000 ms  DeleteObjects: 4.994900 ms)

Prepare: number of updated asset objects reloaded= 0
========================================================================
Received Prepare
Refreshing native plugins compatible for Editor in 2.32 ms, found 4 plugins.
Preloading 0 native plugins for Editor in 0.00 ms.
Unloading 16 Unused Serialized files (Serialized files now loaded: 0)
Unloading 7955 unused Assets / (5.3 MB). Loaded Objects now: 8828.
Memory consumption went from 164.5 MB to 159.2 MB.
Total: 17.056300 ms (FindLiveObjects: 1.455700 ms CreateObjectMapping: 0.648300 ms MarkObjects: 10.096600 ms  DeleteObjects: 4.854100 ms)

Prepare: number of updated asset objects reloaded= 0
========================================================================
Received Prepare
Refreshing native plugins compatible for Editor in 1.58 ms, found 4 plugins.
Preloading 0 native plugins for Editor in 0.00 ms.
Unloading 16 Unused Serialized files (Serialized files now loaded: 0)
Unloading 7955 unused Assets / (4.7 MB). Loaded Objects now: 8828.
Memory consumption went from 164.5 MB to 159.8 MB.
Total: 17.577700 ms (FindLiveObjects: 1.241200 ms CreateObjectMapping: 0.616900 ms MarkObjects: 10.115000 ms  DeleteObjects: 5.603200 ms)

Prepare: number of updated asset objects reloaded= 0
========================================================================
Received Prepare
Refreshing native plugins compatible for Editor in 1.94 ms, found 4 plugins.
Preloading 0 native plugins for Editor in 0.00 ms.
Unloading 16 Unused Serialized files (Serialized files now loaded: 0)
Unloading 7955 unused Assets / (4.8 MB). Loaded Objects now: 8828.
Memory consumption went from 164.5 MB to 159.7 MB.
Total: 15.510400 ms (FindLiveObjects: 1.411600 ms CreateObjectMapping: 0.594800 ms MarkObjects: 9.159500 ms  DeleteObjects: 4.343000 ms)

Prepare: number of updated asset objects reloaded= 0
========================================================================
Received Prepare
Refreshing native plugins compatible for Editor in 1.75 ms, found 4 plugins.
Preloading 0 native plugins for Editor in 0.00 ms.
Unloading 16 Unused Serialized files (Serialized files now loaded: 0)
Unloading 7955 unused Assets / (4.4 MB). Loaded Objects now: 8828.
Memory consumption went from 164.5 MB to 160.1 MB.
Total: 13.686900 ms (FindLiveObjects: 1.251500 ms CreateObjectMapping: 0.477400 ms MarkObjects: 8.531300 ms  DeleteObjects: 3.425600 ms)

Prepare: number of updated asset objects reloaded= 0
========================================================================
Received Prepare
Refreshing native plugins compatible for Editor in 2.03 ms, found 4 plugins.
Preloading 0 native plugins for Editor in 0.00 ms.
Unloading 16 Unused Serialized files (Serialized files now loaded: 0)
Unloading 7955 unused Assets / (4.8 MB). Loaded Objects now: 8828.
Memory consumption went from 164.5 MB to 159.7 MB.
Total: 15.319900 ms (FindLiveObjects: 1.175700 ms CreateObjectMapping: 0.446100 ms MarkObjects: 9.731300 ms  DeleteObjects: 3.965500 ms)

Prepare: number of updated asset objects reloaded= 0
========================================================================
Received Prepare
Refreshing native plugins compatible for Editor in 1.99 ms, found 4 plugins.
Preloading 0 native plugins for Editor in 0.00 ms.
Unloading 16 Unused Serialized files (Serialized files now loaded: 0)
Unloading 7955 unused Assets / (4.9 MB). Loaded Objects now: 8828.
Memory consumption went from 164.5 MB to 159.6 MB.
Total: 15.929600 ms (FindLiveObjects: 1.384300 ms CreateObjectMapping: 0.579200 ms MarkObjects: 9.475100 ms  DeleteObjects: 4.489500 ms)

Prepare: number of updated asset objects reloaded= 0
========================================================================
Received Prepare
Refreshing native plugins compatible for Editor in 1.77 ms, found 4 plugins.
Preloading 0 native plugins for Editor in 0.00 ms.
Unloading 16 Unused Serialized files (Serialized files now loaded: 0)
Unloading 7955 unused Assets / (4.9 MB). Loaded Objects now: 8828.
Memory consumption went from 164.5 MB to 159.6 MB.
Total: 16.482600 ms (FindLiveObjects: 1.368200 ms CreateObjectMapping: 0.646000 ms MarkObjects: 9.709900 ms  DeleteObjects: 4.757200 ms)

Prepare: number of updated asset objects reloaded= 0
========================================================================
Received Prepare
Refreshing native plugins compatible for Editor in 1.62 ms, found 4 plugins.
Preloading 0 native plugins for Editor in 0.00 ms.
Unloading 16 Unused Serialized files (Serialized files now loaded: 0)
Unloading 7955 unused Assets / (4.9 MB). Loaded Objects now: 8828.
Memory consumption went from 164.5 MB to 159.6 MB.
Total: 15.557700 ms (FindLiveObjects: 1.182900 ms CreateObjectMapping: 0.609300 ms MarkObjects: 9.460500 ms  DeleteObjects: 4.303500 ms)

Prepare: number of updated asset objects reloaded= 0
========================================================================
Received Prepare
Refreshing native plugins compatible for Editor in 1.56 ms, found 4 plugins.
Preloading 0 native plugins for Editor in 0.00 ms.
Unloading 16 Unused Serialized files (Serialized files now loaded: 0)
Unloading 7955 unused Assets / (4.5 MB). Loaded Objects now: 8828.
Memory consumption went from 164.5 MB to 160.0 MB.
Total: 15.775100 ms (FindLiveObjects: 1.163400 ms CreateObjectMapping: 0.434700 ms MarkObjects: 9.812200 ms  DeleteObjects: 4.363200 ms)

Prepare: number of updated asset objects reloaded= 0
========================================================================
Received Prepare
Begin MonoManager ReloadAssembly
[Licensing::Client] Successfully resolved entitlement details
Symbol file LoadedFromMemory is not a mono symbol file
- Loaded All Assemblies, in  1.258 seconds
Refreshing native plugins compatible for Editor in 1.89 ms, found 4 plugins.
Native extension for WindowsStandalone target not found
Native extension for WebGL target not found
[Package Manager] Failed to launch server process. Reason: Unity was launched with the -noUpm command-line argument
[Package Manager] Unable to send message (not connected to server process).
[Package Manager] Cannot connect to Unity Package Manager local server
ScheduleIndexationOnStartup MainProcess:False IndexOnStartup:True
Mono: successfully reloaded assembly
- Finished resetting the current domain, in  1.151 seconds
Domain Reload Profiling: 2411ms
	BeginReloadAssembly (269ms)
		ExecutionOrderSort (0ms)
		DisableScriptedObjects (15ms)
		BackupInstance (0ms)
		ReleaseScriptingObjects (0ms)
		CreateAndSetChildDomain (76ms)
	RebuildCommonClasses (44ms)
	RebuildNativeTypeToScriptingClass (17ms)
	initialDomainReloadingComplete (35ms)
	LoadAllAssembliesAndSetupDomain (893ms)
		LoadAssemblies (695ms)
		RebuildTransferFunctionScriptingTraits (0ms)
		AnalyzeDomain (311ms)
			TypeCache.Refresh (15ms)
				TypeCache.ScanAssembly (0ms)
			BuildScriptInfoCaches (277ms)
			ResolveRequiredComponents (13ms)
	FinalizeReload (1152ms)
		ReleaseScriptCaches (0ms)
		RebuildScriptCaches (0ms)
		SetupLoadedEditorAssemblies (952ms)
			LogAssemblyErrors (0ms)
			InitializePlatformSupportModulesInManaged (2ms)
			SetLoadedEditorAssemblies (7ms)
			BeforeProcessingInitializeOnLoad (201ms)
			ProcessInitializeOnLoadAttributes (624ms)
			ProcessInitializeOnLoadMethodAttributes (109ms)
			AfterProcessingInitializeOnLoad (9ms)
			EditorAssembliesLoaded (1ms)
		ExecutionOrderSort2 (0ms)
		AwakeInstancesAfterBackupRestoration (17ms)
Refreshing native plugins compatible for Editor in 1.55 ms, found 4 plugins.
Preloading 0 native plugins for Editor in 0.00 ms.
Unloading 16 Unused Serialized files (Serialized files now loaded: 0)
Unloading 7966 unused Assets / (4.4 MB). Loaded Objects now: 8831.
Memory consumption went from 164.4 MB to 160.0 MB.
Total: 14.926700 ms (FindLiveObjects: 1.575800 ms CreateObjectMapping: 0.619700 ms MarkObjects: 9.017300 ms  DeleteObjects: 3.712300 ms)

Prepare: number of updated asset objects reloaded= 0
========================================================================
Received Import Request.
  Time since last request: 3262.196647 seconds.
  path: Assets/DefaultNetworkPrefabs.asset
  artifactKey: Guid(8ecf9dcd2fa39114db64319e3d4de076) Importer(815301076,1909f56bfc062723c751e8b465ee728b)
Start importing Assets/DefaultNetworkPrefabs.asset using Guid(8ecf9dcd2fa39114db64319e3d4de076) Importer(815301076,1909f56bfc062723c751e8b465ee728b) (PreviewImporter) -> (artifact id: '7880f7be97c0780b4deadd434a4641b8') in 0.3653159 seconds
Number of updated asset objects reloaded before import = 0Number of asset objects unloaded after import = 2157

========================================================================
Received Prepare
Begin MonoManager ReloadAssembly
[Licensing::Client] Successfully resolved entitlement details
Symbol file LoadedFromMemory is not a mono symbol file
- Loaded All Assemblies, in  0.940 seconds
Refreshing native plugins compatible for Editor in 1.56 ms, found 4 plugins.
Native extension for WindowsStandalone target not found
Native extension for WebGL target not found
[Package Manager] Failed to launch server process. Reason: Unity was launched with the -noUpm command-line argument
[Package Manager] Unable to send message (not connected to server process).
[Package Manager] Cannot connect to Unity Package Manager local server
ScheduleIndexationOnStartup MainProcess:False IndexOnStartup:True
Mono: successfully reloaded assembly
- Finished resetting the current domain, in  1.119 seconds
Domain Reload Profiling: 2059ms
	BeginReloadAssembly (254ms)
		ExecutionOrderSort (0ms)
		DisableScriptedObjects (14ms)
		BackupInstance (0ms)
		ReleaseScriptingObjects (0ms)
		CreateAndSetChildDomain (71ms)
	RebuildCommonClasses (49ms)
	RebuildNativeTypeToScriptingClass (19ms)
	initialDomainReloadingComplete (33ms)
	LoadAllAssembliesAndSetupDomain (585ms)
		LoadAssemblies (409ms)
		RebuildTransferFunctionScriptingTraits (0ms)
		AnalyzeDomain (280ms)
			TypeCache.Refresh (8ms)
				TypeCache.ScanAssembly (0ms)
			BuildScriptInfoCaches (252ms)
			ResolveRequiredComponents (13ms)
	FinalizeReload (1120ms)
		ReleaseScriptCaches (0ms)
		RebuildScriptCaches (0ms)
		SetupLoadedEditorAssemblies (928ms)
			LogAssemblyErrors (0ms)
			InitializePlatformSupportModulesInManaged (3ms)
			SetLoadedEditorAssemblies (5ms)
			BeforeProcessingInitializeOnLoad (195ms)
			ProcessInitializeOnLoadAttributes (625ms)
			ProcessInitializeOnLoadMethodAttributes (92ms)
			AfterProcessingInitializeOnLoad (8ms)
			EditorAssembliesLoaded (0ms)
		ExecutionOrderSort2 (0ms)
		AwakeInstancesAfterBackupRestoration (15ms)
Refreshing native plugins compatible for Editor in 1.58 ms, found 4 plugins.
Preloading 0 native plugins for Editor in 0.00 ms.
Unloading 16 Unused Serialized files (Serialized files now loaded: 0)
Unloading 7966 unused Assets / (4.5 MB). Loaded Objects now: 8835.
Memory consumption went from 165.6 MB to 161.1 MB.
Total: 12.937700 ms (FindLiveObjects: 1.465600 ms CreateObjectMapping: 0.452300 ms MarkObjects: 7.419900 ms  DeleteObjects: 3.597900 ms)

Prepare: number of updated asset objects reloaded= 0
========================================================================
Received Import Request.
  Time since last request: 91.981877 seconds.
  path: Assets/Scripts/Tests/ItemTest.cs
  artifactKey: Guid(11711e71858d1e84f9df1a20029ec1d7) Importer(2089858483,b0f066a214c2f5e87bad3c948f4d605d)
Start importing Assets/Scripts/Tests/ItemTest.cs using Guid(11711e71858d1e84f9df1a20029ec1d7) Importer(2089858483,b0f066a214c2f5e87bad3c948f4d605d) (ScriptedImporter) -> (artifact id: '88c0e8231c8c040177278e3d2faf41d7') in 0.0898121 seconds
Number of updated asset objects reloaded before import = 0Number of asset objects unloaded after import = 0

========================================================================
Received Import Request.
  Time since last request: 0.000022 seconds.
  path: Assets/Scripts/Fixeddatas/Attributes.cs
  artifactKey: Guid(14a3bc096847aba41a286d8ef5cfea9d) Importer(2089858483,b0f066a214c2f5e87bad3c948f4d605d)
Start importing Assets/Scripts/Fixeddatas/Attributes.cs using Guid(14a3bc096847aba41a286d8ef5cfea9d) Importer(2089858483,b0f066a214c2f5e87bad3c948f4d605d) (ScriptedImporter) -> (artifact id: 'd495ae542ad306ef0ecea5c8d35d2e8d') in 0.0463733 seconds
Number of updated asset objects reloaded before import = 0Number of asset objects unloaded after import = 0

========================================================================
Received Prepare
Refreshing native plugins compatible for Editor in 1.63 ms, found 4 plugins.
Preloading 0 native plugins for Editor in 0.00 ms.
Unloading 16 Unused Serialized files (Serialized files now loaded: 0)
Unloading 7956 unused Assets / (4.4 MB). Loaded Objects now: 8836.
Memory consumption went from 165.8 MB to 161.3 MB.
Total: 15.207900 ms (FindLiveObjects: 1.198500 ms CreateObjectMapping: 0.476600 ms MarkObjects: 9.329900 ms  DeleteObjects: 4.201100 ms)

Prepare: number of updated asset objects reloaded= 0
========================================================================
Received Import Request.
  Time since last request: 9.012821 seconds.
  path: Assets/Scripts/Tests/GameboardTest.cs
  artifactKey: Guid(214e3457ee5e2a2479c3ef8000d08d16) Importer(2089858483,b0f066a214c2f5e87bad3c948f4d605d)
Start importing Assets/Scripts/Tests/GameboardTest.cs using Guid(214e3457ee5e2a2479c3ef8000d08d16) Importer(2089858483,b0f066a214c2f5e87bad3c948f4d605d) (ScriptedImporter) -> (artifact id: 'ec7974c1245eb4d1b7b87bd86799ca48') in 1.4363953 seconds
Number of updated asset objects reloaded before import = 0Number of asset objects unloaded after import = 0

========================================================================
Received Prepare
Refreshing native plugins compatible for Editor in 2.46 ms, found 4 plugins.
Preloading 0 native plugins for Editor in 0.00 ms.
Unloading 16 Unused Serialized files (Serialized files now loaded: 0)
Unloading 7956 unused Assets / (4.6 MB). Loaded Objects now: 8836.
Memory consumption went from 165.8 MB to 161.2 MB.
Total: 15.498900 ms (FindLiveObjects: 1.613200 ms CreateObjectMapping: 0.919400 ms MarkObjects: 8.996300 ms  DeleteObjects: 3.968500 ms)

Prepare: number of updated asset objects reloaded= 0
========================================================================
Received Import Request.
  Time since last request: 132.583293 seconds.
  path: Assets/Scripts/Tests/GameboardTest.cs
  artifactKey: Guid(214e3457ee5e2a2479c3ef8000d08d16) Importer(2089858483,b0f066a214c2f5e87bad3c948f4d605d)
Start importing Assets/Scripts/Tests/GameboardTest.cs using Guid(214e3457ee5e2a2479c3ef8000d08d16) Importer(2089858483,b0f066a214c2f5e87bad3c948f4d605d) (ScriptedImporter) -> (artifact id: '07e3d2565d4902d6ec6ff8ce290b17b3') in 0.0345608 seconds
Number of updated asset objects reloaded before import = 0Number of asset objects unloaded after import = 0

========================================================================
Received Prepare
Refreshing native plugins compatible for Editor in 2.28 ms, found 4 plugins.
Preloading 0 native plugins for Editor in 0.00 ms.
Unloading 16 Unused Serialized files (Serialized files now loaded: 0)
Unloading 7956 unused Assets / (4.3 MB). Loaded Objects now: 8836.
Memory consumption went from 165.8 MB to 161.5 MB.
Total: 15.655700 ms (FindLiveObjects: 1.516300 ms CreateObjectMapping: 0.916100 ms MarkObjects: 9.430600 ms  DeleteObjects: 3.791000 ms)

Prepare: number of updated asset objects reloaded= 0
========================================================================
Received Import Request.
  Time since last request: 219.102568 seconds.
  path: Assets/Scripts/Tests/GameboardTest.cs
  artifactKey: Guid(214e3457ee5e2a2479c3ef8000d08d16) Importer(2089858483,b0f066a214c2f5e87bad3c948f4d605d)
Start importing Assets/Scripts/Tests/GameboardTest.cs using Guid(214e3457ee5e2a2479c3ef8000d08d16) Importer(2089858483,b0f066a214c2f5e87bad3c948f4d605d) (ScriptedImporter) -> (artifact id: 'cb020247ebff339f5cb6fbccc5dbe45d') in 0.0632387 seconds
Number of updated asset objects reloaded before import = 0Number of asset objects unloaded after import = 0

========================================================================
Received Prepare
Refreshing native plugins compatible for Editor in 1.95 ms, found 4 plugins.
Preloading 0 native plugins for Editor in 0.00 ms.
Unloading 16 Unused Serialized files (Serialized files now loaded: 0)
Unloading 7956 unused Assets / (4.8 MB). Loaded Objects now: 8836.
Memory consumption went from 165.8 MB to 161.0 MB.
Total: 15.481900 ms (FindLiveObjects: 1.521500 ms CreateObjectMapping: 0.500800 ms MarkObjects: 9.878200 ms  DeleteObjects: 3.580500 ms)

Prepare: number of updated asset objects reloaded= 0
========================================================================
Received Import Request.
  Time since last request: 205.930715 seconds.
  path: Assets/Scripts/Tests/GameboardTest.cs
  artifactKey: Guid(214e3457ee5e2a2479c3ef8000d08d16) Importer(2089858483,b0f066a214c2f5e87bad3c948f4d605d)
Start importing Assets/Scripts/Tests/GameboardTest.cs using Guid(214e3457ee5e2a2479c3ef8000d08d16) Importer(2089858483,b0f066a214c2f5e87bad3c948f4d605d) (ScriptedImporter) -> (artifact id: '00000000000000000000000000000000') in 0.2725206 seconds
Import Error Code:(4)
Message: Build asset version error: assets/scripts/tests/gameboardtest.cs in SourceAssetDB has modification time of '2026-05-01T02:51:39.9779383Z' while content on disk has modification time of '2026-05-01T02:51:40.5759179Z'
  ERROR: Build asset version error: assets/scripts/tests/gameboardtest.cs in SourceAssetDB has modification time of '2026-05-01T02:51:39.9779383Z' while content on disk has modification time of '2026-05-01T02:51:40.5759179Z'
Number of updated asset objects reloaded before import = 0Number of asset objects unloaded after import = 0

========================================================================
Received Import Request.
  Time since last request: 46.447093 seconds.
  path: Assets/Scripts/Tests/Tests.asmdef
  artifactKey: Guid(91a735693b2373840836763ad6b7f22a) Importer(815301076,1909f56bfc062723c751e8b465ee728b)
Start importing Assets/Scripts/Tests/Tests.asmdef using Guid(91a735693b2373840836763ad6b7f22a) Importer(815301076,1909f56bfc062723c751e8b465ee728b) (PreviewImporter) -> (artifact id: '02ba47c33dec2657732caaa128e1727e') in 0.0009495 seconds
Number of updated asset objects reloaded before import = 0Number of asset objects unloaded after import = 0

========================================================================
Received Import Request.
  Time since last request: 0.765504 seconds.
  path: Assets/Scripts/Tests/Tests.asmdef
  artifactKey: Guid(91a735693b2373840836763ad6b7f22a) Importer(2089858483,b0f066a214c2f5e87bad3c948f4d605d)
Start importing Assets/Scripts/Tests/Tests.asmdef using Guid(91a735693b2373840836763ad6b7f22a) Importer(2089858483,b0f066a214c2f5e87bad3c948f4d605d) (ScriptedImporter) -> (artifact id: '75aa4cc061cd5e5f8bec23ad18b22608') in 0.0753623 seconds
Number of updated asset objects reloaded before import = 0Number of asset objects unloaded after import = 1

========================================================================
Received Prepare
Begin MonoManager ReloadAssembly
[Licensing::Client] Successfully resolved entitlement details
Symbol file LoadedFromMemory is not a mono symbol file
- Loaded All Assemblies, in  2.254 seconds
Refreshing native plugins compatible for Editor in 1.48 ms, found 4 plugins.
Native extension for WindowsStandalone target not found
Native extension for WebGL target not found
[Package Manager] Failed to launch server process. Reason: Unity was launched with the -noUpm command-line argument
[Package Manager] Unable to send message (not connected to server process).
[Package Manager] Cannot connect to Unity Package Manager local server
ScheduleIndexationOnStartup MainProcess:False IndexOnStartup:True
Mono: successfully reloaded assembly
- Finished resetting the current domain, in  1.501 seconds
Domain Reload Profiling: 3755ms
	BeginReloadAssembly (253ms)
		ExecutionOrderSort (0ms)
		DisableScriptedObjects (15ms)
		BackupInstance (0ms)
		ReleaseScriptingObjects (0ms)
		CreateAndSetChildDomain (63ms)
	RebuildCommonClasses (41ms)
	RebuildNativeTypeToScriptingClass (16ms)
	initialDomainReloadingComplete (32ms)
	LoadAllAssembliesAndSetupDomain (1912ms)
		LoadAssemblies (1716ms)
		RebuildTransferFunctionScriptingTraits (0ms)
		AnalyzeDomain (309ms)
			TypeCache.Refresh (14ms)
				TypeCache.ScanAssembly (0ms)
			BuildScriptInfoCaches (278ms)
			ResolveRequiredComponents (12ms)
	FinalizeReload (1502ms)
		ReleaseScriptCaches (0ms)
		RebuildScriptCaches (0ms)
		SetupLoadedEditorAssemblies (1311ms)
			LogAssemblyErrors (0ms)
			InitializePlatformSupportModulesInManaged (2ms)
			SetLoadedEditorAssemblies (5ms)
			BeforeProcessingInitializeOnLoad (188ms)
			ProcessInitializeOnLoadAttributes (1013ms)
			ProcessInitializeOnLoadMethodAttributes (94ms)
			AfterProcessingInitializeOnLoad (8ms)
			EditorAssembliesLoaded (0ms)
		ExecutionOrderSort2 (0ms)
		AwakeInstancesAfterBackupRestoration (14ms)
Refreshing native plugins compatible for Editor in 68.15 ms, found 4 plugins.
Preloading 0 native plugins for Editor in 0.00 ms.
Unloading 16 Unused Serialized files (Serialized files now loaded: 0)
Unloading 7967 unused Assets / (4.7 MB). Loaded Objects now: 8839.
Memory consumption went from 165.6 MB to 161.0 MB.
Total: 12.154300 ms (FindLiveObjects: 1.190900 ms CreateObjectMapping: 0.511300 ms MarkObjects: 7.233400 ms  DeleteObjects: 3.217300 ms)

Prepare: number of updated asset objects reloaded= 0
========================================================================
Received Import Request.
  Time since last request: 357.588150 seconds.
  path: Assets/Scripts/Tests/Tests/Tests.asmdef
  artifactKey: Guid(fd29055345a8cb1429c4fef589bc3935) Importer(815301076,1909f56bfc062723c751e8b465ee728b)
Start importing Assets/Scripts/Tests/Tests/Tests.asmdef using Guid(fd29055345a8cb1429c4fef589bc3935) Importer(815301076,1909f56bfc062723c751e8b465ee728b) (PreviewImporter) -> (artifact id: 'a668440740d42dd62d1235e89439914b') in 0.0021958 seconds
Number of updated asset objects reloaded before import = 0Number of asset objects unloaded after import = 0

========================================================================
Received Prepare
Begin MonoManager ReloadAssembly
[Licensing::Client] Successfully resolved entitlement details
Symbol file LoadedFromMemory is not a mono symbol file
- Loaded All Assemblies, in  1.020 seconds
Refreshing native plugins compatible for Editor in 1.52 ms, found 4 plugins.
Native extension for WindowsStandalone target not found
Native extension for WebGL target not found
[Package Manager] Failed to launch server process. Reason: Unity was launched with the -noUpm command-line argument
[Package Manager] Unable to send message (not connected to server process).
[Package Manager] Cannot connect to Unity Package Manager local server
ScheduleIndexationOnStartup MainProcess:False IndexOnStartup:True
Mono: successfully reloaded assembly
- Finished resetting the current domain, in  1.211 seconds
Domain Reload Profiling: 2229ms
	BeginReloadAssembly (318ms)
		ExecutionOrderSort (0ms)
		DisableScriptedObjects (27ms)
		BackupInstance (0ms)
		ReleaseScriptingObjects (0ms)
		CreateAndSetChildDomain (119ms)
	RebuildCommonClasses (44ms)
	RebuildNativeTypeToScriptingClass (17ms)
	initialDomainReloadingComplete (36ms)
	LoadAllAssembliesAndSetupDomain (604ms)
		LoadAssemblies (424ms)
		RebuildTransferFunctionScriptingTraits (0ms)
		AnalyzeDomain (287ms)
			TypeCache.Refresh (8ms)
				TypeCache.ScanAssembly (0ms)
			BuildScriptInfoCaches (261ms)
			ResolveRequiredComponents (12ms)
	FinalizeReload (1212ms)
		ReleaseScriptCaches (0ms)
		RebuildScriptCaches (0ms)
		SetupLoadedEditorAssemblies (1025ms)
			LogAssemblyErrors (0ms)
			InitializePlatformSupportModulesInManaged (3ms)
			SetLoadedEditorAssemblies (5ms)
			BeforeProcessingInitializeOnLoad (227ms)
			ProcessInitializeOnLoadAttributes (685ms)
			ProcessInitializeOnLoadMethodAttributes (97ms)
			AfterProcessingInitializeOnLoad (8ms)
			EditorAssembliesLoaded (1ms)
		ExecutionOrderSort2 (0ms)
		AwakeInstancesAfterBackupRestoration (15ms)
Refreshing native plugins compatible for Editor in 1.56 ms, found 4 plugins.
Preloading 0 native plugins for Editor in 0.00 ms.
Unloading 16 Unused Serialized files (Serialized files now loaded: 0)
Unloading 7967 unused Assets / (4.4 MB). Loaded Objects now: 8842.
Memory consumption went from 165.7 MB to 161.3 MB.
Total: 12.469200 ms (FindLiveObjects: 1.451700 ms CreateObjectMapping: 0.554500 ms MarkObjects: 7.546200 ms  DeleteObjects: 2.915800 ms)

Prepare: number of updated asset objects reloaded= 0
========================================================================
Received Import Request.
  Time since last request: 126.457144 seconds.
  path: Assets/Scripts/Tests/Tests.asmdef
  artifactKey: Guid(91a735693b2373840836763ad6b7f22a) Importer(815301076,1909f56bfc062723c751e8b465ee728b)
Start importing Assets/Scripts/Tests/Tests.asmdef using Guid(91a735693b2373840836763ad6b7f22a) Importer(815301076,1909f56bfc062723c751e8b465ee728b) (PreviewImporter) -> (artifact id: '00516269b17798c42d787f527b82584a') in 0.0021827 seconds
Number of updated asset objects reloaded before import = 0Number of asset objects unloaded after import = 0

========================================================================
Received Prepare
Begin MonoManager ReloadAssembly
[Licensing::Client] Successfully resolved entitlement details
Symbol file LoadedFromMemory is not a mono symbol file
- Loaded All Assemblies, in  1.056 seconds
Refreshing native plugins compatible for Editor in 1.49 ms, found 4 plugins.
Native extension for WindowsStandalone target not found
Native extension for WebGL target not found
[Package Manager] Failed to launch server process. Reason: Unity was launched with the -noUpm command-line argument
[Package Manager] Unable to send message (not connected to server process).
[Package Manager] Cannot connect to Unity Package Manager local server
ScheduleIndexationOnStartup MainProcess:False IndexOnStartup:True
Mono: successfully reloaded assembly
- Finished resetting the current domain, in  1.155 seconds
Domain Reload Profiling: 2211ms
	BeginReloadAssembly (364ms)
		ExecutionOrderSort (0ms)
		DisableScriptedObjects (25ms)
		BackupInstance (0ms)
		ReleaseScriptingObjects (0ms)
		CreateAndSetChildDomain (107ms)
	RebuildCommonClasses (47ms)
	RebuildNativeTypeToScriptingClass (20ms)
	initialDomainReloadingComplete (34ms)
	LoadAllAssembliesAndSetupDomain (589ms)
		LoadAssemblies (448ms)
		RebuildTransferFunctionScriptingTraits (0ms)
		AnalyzeDomain (275ms)
			TypeCache.Refresh (14ms)
				TypeCache.ScanAssembly (0ms)
			BuildScriptInfoCaches (241ms)
			ResolveRequiredComponents (14ms)
	FinalizeReload (1156ms)
		ReleaseScriptCaches (0ms)
		RebuildScriptCaches (0ms)
		SetupLoadedEditorAssemblies (964ms)
			LogAssemblyErrors (0ms)
			InitializePlatformSupportModulesInManaged (3ms)
			SetLoadedEditorAssemblies (6ms)
			BeforeProcessingInitializeOnLoad (197ms)
			ProcessInitializeOnLoadAttributes (650ms)
			ProcessInitializeOnLoadMethodAttributes (98ms)
			AfterProcessingInitializeOnLoad (10ms)
			EditorAssembliesLoaded (1ms)
		ExecutionOrderSort2 (0ms)
		AwakeInstancesAfterBackupRestoration (15ms)
Refreshing native plugins compatible for Editor in 1.57 ms, found 4 plugins.
Preloading 0 native plugins for Editor in 0.00 ms.
Unloading 16 Unused Serialized files (Serialized files now loaded: 0)
Unloading 7967 unused Assets / (4.9 MB). Loaded Objects now: 8845.
Memory consumption went from 165.7 MB to 160.8 MB.
Total: 13.998100 ms (FindLiveObjects: 1.253600 ms CreateObjectMapping: 0.661900 ms MarkObjects: 7.532600 ms  DeleteObjects: 4.548800 ms)

Prepare: number of updated asset objects reloaded= 0
========================================================================
Received Prepare
Begin MonoManager ReloadAssembly
Symbol file LoadedFromMemory is not a mono symbol file
- Loaded All Assemblies, in  0.979 seconds
Refreshing native plugins compatible for Editor in 2.26 ms, found 4 plugins.
Assertion failed on expression: 'pred(*previous, *i)'
Assertion failed on expression: 'pred(*previous, *i)'
Assertion failed on expression: 'pred(*previous, *i)'
Native extension for WindowsStandalone target not found
Native extension for WebGL target not found
[Package Manager] Failed to launch server process. Reason: Unity was launched with the -noUpm command-line argument
[Package Manager] Unable to send message (not connected to server process).
[Package Manager] Cannot connect to Unity Package Manager local server
ScheduleIndexationOnStartup MainProcess:False IndexOnStartup:True
Mono: successfully reloaded assembly
- Finished resetting the current domain, in  1.210 seconds
Domain Reload Profiling: 2188ms
	BeginReloadAssembly (287ms)
		ExecutionOrderSort (0ms)
		DisableScriptedObjects (17ms)
		BackupInstance (0ms)
		ReleaseScriptingObjects (0ms)
		CreateAndSetChildDomain (71ms)
	RebuildCommonClasses (46ms)
	RebuildNativeTypeToScriptingClass (17ms)
	initialDomainReloadingComplete (38ms)
	LoadAllAssembliesAndSetupDomain (590ms)
		LoadAssemblies (414ms)
		RebuildTransferFunctionScriptingTraits (0ms)
		AnalyzeDomain (282ms)
			TypeCache.Refresh (11ms)
				TypeCache.ScanAssembly (0ms)
			BuildScriptInfoCaches (248ms)
			ResolveRequiredComponents (17ms)
	FinalizeReload (1211ms)
		ReleaseScriptCaches (0ms)
		RebuildScriptCaches (0ms)
		SetupLoadedEditorAssemblies (1031ms)
			LogAssemblyErrors (0ms)
			InitializePlatformSupportModulesInManaged (2ms)
			SetLoadedEditorAssemblies (5ms)
			BeforeProcessingInitializeOnLoad (244ms)
			ProcessInitializeOnLoadAttributes (669ms)
			ProcessInitializeOnLoadMethodAttributes (101ms)
			AfterProcessingInitializeOnLoad (9ms)
			EditorAssembliesLoaded (1ms)
		ExecutionOrderSort2 (0ms)
		AwakeInstancesAfterBackupRestoration (14ms)
Refreshing native plugins compatible for Editor in 51.50 ms, found 4 plugins.
Preloading 0 native plugins for Editor in 0.00 ms.
Unloading 16 Unused Serialized files (Serialized files now loaded: 0)
Unloading 7967 unused Assets / (4.3 MB). Loaded Objects now: 8848.
Memory consumption went from 165.8 MB to 161.5 MB.
Total: 10.974700 ms (FindLiveObjects: 1.130000 ms CreateObjectMapping: 0.417300 ms MarkObjects: 6.813100 ms  DeleteObjects: 2.613600 ms)

Prepare: number of updated asset objects reloaded= 0
========================================================================
Received Import Request.
  Time since last request: 71.559773 seconds.
  path: Assets/Scripts/Tests/Tests.asmdef
  artifactKey: Guid(91a735693b2373840836763ad6b7f22a) Importer(815301076,1909f56bfc062723c751e8b465ee728b)
Start importing Assets/Scripts/Tests/Tests.asmdef using Guid(91a735693b2373840836763ad6b7f22a) Importer(815301076,1909f56bfc062723c751e8b465ee728b) (PreviewImporter) -> (artifact id: '62642ebb6d247e3c4606edb21a78c930') in 0.0026537 seconds
Number of updated asset objects reloaded before import = 0Number of asset objects unloaded after import = 0

========================================================================
Received Prepare
Begin MonoManager ReloadAssembly
[Licensing::Client] Successfully resolved entitlement details
Symbol file LoadedFromMemory is not a mono symbol file
- Loaded All Assemblies, in  0.952 seconds
Refreshing native plugins compatible for Editor in 2.21 ms, found 4 plugins.
Assertion failed on expression: 'pred(*previous, *i)'
Native extension for WindowsStandalone target not found
Native extension for WebGL target not found
[Package Manager] Failed to launch server process. Reason: Unity was launched with the -noUpm command-line argument
[Package Manager] Unable to send message (not connected to server process).
[Package Manager] Cannot connect to Unity Package Manager local server
ScheduleIndexationOnStartup MainProcess:False IndexOnStartup:True
Mono: successfully reloaded assembly
- Finished resetting the current domain, in  1.082 seconds
Domain Reload Profiling: 2036ms
	BeginReloadAssembly (271ms)
		ExecutionOrderSort (0ms)
		DisableScriptedObjects (15ms)
		BackupInstance (0ms)
		ReleaseScriptingObjects (0ms)
		CreateAndSetChildDomain (79ms)
	RebuildCommonClasses (44ms)
	RebuildNativeTypeToScriptingClass (17ms)
	initialDomainReloadingComplete (35ms)
	LoadAllAssembliesAndSetupDomain (587ms)
		LoadAssemblies (426ms)
		RebuildTransferFunctionScriptingTraits (0ms)
		AnalyzeDomain (274ms)
			TypeCache.Refresh (13ms)
				TypeCache.ScanAssembly (0ms)
			BuildScriptInfoCaches (243ms)
			ResolveRequiredComponents (13ms)
	FinalizeReload (1082ms)
		ReleaseScriptCaches (0ms)
		RebuildScriptCaches (0ms)
		SetupLoadedEditorAssemblies (895ms)
			LogAssemblyErrors (0ms)
			InitializePlatformSupportModulesInManaged (3ms)
			SetLoadedEditorAssemblies (6ms)
			BeforeProcessingInitializeOnLoad (191ms)
			ProcessInitializeOnLoadAttributes (587ms)
			ProcessInitializeOnLoadMethodAttributes (99ms)
			AfterProcessingInitializeOnLoad (8ms)
			EditorAssembliesLoaded (1ms)
		ExecutionOrderSort2 (0ms)
		AwakeInstancesAfterBackupRestoration (17ms)
Refreshing native plugins compatible for Editor in 1.58 ms, found 4 plugins.
Preloading 0 native plugins for Editor in 0.00 ms.
Unloading 16 Unused Serialized files (Serialized files now loaded: 0)
Unloading 7967 unused Assets / (4.4 MB). Loaded Objects now: 8851.
Memory consumption went from 165.8 MB to 161.4 MB.
Total: 11.768600 ms (FindLiveObjects: 1.249200 ms CreateObjectMapping: 0.433900 ms MarkObjects: 7.106600 ms  DeleteObjects: 2.977600 ms)

Prepare: number of updated asset objects reloaded= 0
========================================================================
Received Import Request.
  Time since last request: 14.516921 seconds.
  path: Assets/Scripts/Tests/EditorTests.asmdef
  artifactKey: Guid(91a735693b2373840836763ad6b7f22a) Importer(815301076,1909f56bfc062723c751e8b465ee728b)
Start importing Assets/Scripts/Tests/EditorTests.asmdef using Guid(91a735693b2373840836763ad6b7f22a) Importer(815301076,1909f56bfc062723c751e8b465ee728b) (PreviewImporter) -> (artifact id: 'bc9a5d653c10ace88eaf53c6cfcecfc5') in 0.00215 seconds
Number of updated asset objects reloaded before import = 0Number of asset objects unloaded after import = 0

========================================================================
Received Prepare
Assembly with name 'EditorTests' already exists (Assets/Scripts/Tests/EditorTests.asmdef)
Assembly with name 'EditorTests' already exists (Assets/Scripts/Tests/Tests.asmdef)
Assembly with name 'EditorTests' already exists (Assets/Scripts/Tests/EditorTests.asmdef)
Assembly with name 'EditorTests' already exists (Assets/Scripts/Tests/Tests.asmdef)
Begin MonoManager ReloadAssembly
Symbol file LoadedFromMemory is not a mono symbol file
- Loaded All Assemblies, in  0.931 seconds
Assembly with name 'EditorTests' already exists (Assets/Scripts/Tests/EditorTests.asmdef)
Assembly with name 'EditorTests' already exists (Assets/Scripts/Tests/Tests.asmdef)
Refreshing native plugins compatible for Editor in 1.52 ms, found 4 plugins.
Native extension for WindowsStandalone target not found
Native extension for WebGL target not found
Assembly with name 'EditorTests' already exists (Assets/Scripts/Tests/EditorTests.asmdef)
Assembly with name 'EditorTests' already exists (Assets/Scripts/Tests/Tests.asmdef)
[Package Manager] Failed to launch server process. Reason: Unity was launched with the -noUpm command-line argument
[Package Manager] Unable to send message (not connected to server process).
[Package Manager] Cannot connect to Unity Package Manager local server
ScheduleIndexationOnStartup MainProcess:False IndexOnStartup:True
Mono: successfully reloaded assembly
- Finished resetting the current domain, in  1.146 seconds
Domain Reload Profiling: 2081ms
	BeginReloadAssembly (241ms)
		ExecutionOrderSort (0ms)
		DisableScriptedObjects (14ms)
		BackupInstance (0ms)
		ReleaseScriptingObjects (0ms)
		CreateAndSetChildDomain (60ms)
	RebuildCommonClasses (43ms)
	RebuildNativeTypeToScriptingClass (17ms)
	initialDomainReloadingComplete (33ms)
	LoadAllAssembliesAndSetupDomain (599ms)
		LoadAssemblies (416ms)
		RebuildTransferFunctionScriptingTraits (0ms)
		AnalyzeDomain (286ms)
			TypeCache.Refresh (13ms)
				TypeCache.ScanAssembly (0ms)
			BuildScriptInfoCaches (255ms)
			ResolveRequiredComponents (12ms)
	FinalizeReload (1147ms)
		ReleaseScriptCaches (0ms)
		RebuildScriptCaches (0ms)
		SetupLoadedEditorAssemblies (955ms)
			LogAssemblyErrors (0ms)
			InitializePlatformSupportModulesInManaged (2ms)
			SetLoadedEditorAssemblies (5ms)
			BeforeProcessingInitializeOnLoad (188ms)
			ProcessInitializeOnLoadAttributes (636ms)
			ProcessInitializeOnLoadMethodAttributes (113ms)
			AfterProcessingInitializeOnLoad (9ms)
			EditorAssembliesLoaded (1ms)
		ExecutionOrderSort2 (0ms)
		AwakeInstancesAfterBackupRestoration (16ms)
Refreshing native plugins compatible for Editor in 2.22 ms, found 4 plugins.
Preloading 0 native plugins for Editor in 0.00 ms.
Unloading 16 Unused Serialized files (Serialized files now loaded: 0)
Unloading 7967 unused Assets / (5.0 MB). Loaded Objects now: 8854.
Memory consumption went from 165.8 MB to 160.8 MB.
Total: 16.825900 ms (FindLiveObjects: 1.377700 ms CreateObjectMapping: 0.514600 ms MarkObjects: 10.813700 ms  DeleteObjects: 4.118200 ms)

Prepare: number of updated asset objects reloaded= 0
========================================================================
Received Import Request.
  Time since last request: 20.968031 seconds.
  path: Assets/Scripts/Tests/EditorTests 1.asmdef
  artifactKey: Guid(7fac29fe34c2d53469b9d1078f19219e) Importer(815301076,1909f56bfc062723c751e8b465ee728b)
Start importing Assets/Scripts/Tests/EditorTests 1.asmdef using Guid(7fac29fe34c2d53469b9d1078f19219e) Importer(815301076,1909f56bfc062723c751e8b465ee728b) (PreviewImporter) -> (artifact id: '95e1063f52fe5b2afdf32587f556550d') in 0.0019739 seconds
Number of updated asset objects reloaded before import = 0Number of asset objects unloaded after import = 0

========================================================================
Received Import Request.
  Time since last request: 8.165532 seconds.
  path: Assets/Scripts/Tests/PlayTests.asmdef
  artifactKey: Guid(7fac29fe34c2d53469b9d1078f19219e) Importer(815301076,1909f56bfc062723c751e8b465ee728b)
Start importing Assets/Scripts/Tests/PlayTests.asmdef using Guid(7fac29fe34c2d53469b9d1078f19219e) Importer(815301076,1909f56bfc062723c751e8b465ee728b) (PreviewImporter) -> (artifact id: '7d8cd3044f3f44ea4e60369601cc3cbd') in 0.0007501 seconds
Number of updated asset objects reloaded before import = 0Number of asset objects unloaded after import = 0

========================================================================
Received Import Request.
  Time since last request: 354.044142 seconds.
  path: Assets/Scripts/Tests/PlayTests.asmdef
  artifactKey: Guid(7fac29fe34c2d53469b9d1078f19219e) Importer(815301076,1909f56bfc062723c751e8b465ee728b)
Start importing Assets/Scripts/Tests/PlayTests.asmdef using Guid(7fac29fe34c2d53469b9d1078f19219e) Importer(815301076,1909f56bfc062723c751e8b465ee728b) (PreviewImporter) -> (artifact id: '169fc26e30b18f27c7fd506c1bdc74e6') in 0.0007738 seconds
Number of updated asset objects reloaded before import = 0Number of asset objects unloaded after import = 0

========================================================================
Received Prepare
Refreshing native plugins compatible for Editor in 2.32 ms, found 4 plugins.
Preloading 0 native plugins for Editor in 0.00 ms.
Unloading 16 Unused Serialized files (Serialized files now loaded: 0)
Unloading 7956 unused Assets / (4.5 MB). Loaded Objects now: 8854.
Memory consumption went from 166.0 MB to 161.5 MB.
Total: 13.861900 ms (FindLiveObjects: 1.649500 ms CreateObjectMapping: 0.689300 ms MarkObjects: 8.374800 ms  DeleteObjects: 3.146500 ms)

Prepare: number of updated asset objects reloaded= 0
========================================================================
Received Import Request.
  Time since last request: 50.111636 seconds.
  path: Assets/Scripts/EditTests/GameboardTest.cs
  artifactKey: Guid(214e3457ee5e2a2479c3ef8000d08d16) Importer(2089858483,b0f066a214c2f5e87bad3c948f4d605d)
Start importing Assets/Scripts/EditTests/GameboardTest.cs using Guid(214e3457ee5e2a2479c3ef8000d08d16) Importer(2089858483,b0f066a214c2f5e87bad3c948f4d605d) (ScriptedImporter) -> (artifact id: 'c0022869be030b74340db5566d6dd39d') in 0.0607401 seconds
Number of updated asset objects reloaded before import = 0Number of asset objects unloaded after import = 0

========================================================================
Received Import Request.
  Time since last request: 0.295693 seconds.
  path: Assets/Scripts/EditTests/InventoryTests.cs
  artifactKey: Guid(e8b9ed3100d7383418d3eaf7af6d7a1d) Importer(2089858483,b0f066a214c2f5e87bad3c948f4d605d)
Start importing Assets/Scripts/EditTests/InventoryTests.cs using Guid(e8b9ed3100d7383418d3eaf7af6d7a1d) Importer(2089858483,b0f066a214c2f5e87bad3c948f4d605d) (ScriptedImporter) -> (artifact id: '7e5708462f0282bfcb21a7d40055926b') in 0.0483899 seconds
Number of updated asset objects reloaded before import = 0Number of asset objects unloaded after import = 0

========================================================================
Received Import Request.
  Time since last request: 0.000020 seconds.
  path: Assets/Scripts/EditTests/ItemTest.cs
  artifactKey: Guid(11711e71858d1e84f9df1a20029ec1d7) Importer(2089858483,b0f066a214c2f5e87bad3c948f4d605d)
Start importing Assets/Scripts/EditTests/ItemTest.cs using Guid(11711e71858d1e84f9df1a20029ec1d7) Importer(2089858483,b0f066a214c2f5e87bad3c948f4d605d) (ScriptedImporter) -> (artifact id: 'c132b0186e52f5bcda843dec6f39583b') in 0.0831459 seconds
Number of updated asset objects reloaded before import = 0Number of asset objects unloaded after import = 0

========================================================================
Received Import Request.
  Time since last request: 0.263715 seconds.
  path: Assets/Scripts/EditTests/PlayTests.asmdef
  artifactKey: Guid(7fac29fe34c2d53469b9d1078f19219e) Importer(2089858483,b0f066a214c2f5e87bad3c948f4d605d)
Start importing Assets/Scripts/EditTests/PlayTests.asmdef using Guid(7fac29fe34c2d53469b9d1078f19219e) Importer(2089858483,b0f066a214c2f5e87bad3c948f4d605d) (ScriptedImporter) -> (artifact id: 'a3e1fbc8b0e228a95a0f0f11a6cd4053') in 0.0063513 seconds
Number of updated asset objects reloaded before import = 0Number of asset objects unloaded after import = 1

========================================================================
Received Import Request.
  Time since last request: 5.943955 seconds.
  path: Assets/Scripts/PlayTest
  artifactKey: Guid(eb822637d42586c46b00e188d40d5ac8) Importer(2089858483,b0f066a214c2f5e87bad3c948f4d605d)
Start importing Assets/Scripts/PlayTest using Guid(eb822637d42586c46b00e188d40d5ac8) Importer(2089858483,b0f066a214c2f5e87bad3c948f4d605d) (ScriptedImporter) -> (artifact id: 'eb3ab81574b61477cc62a8aac7e30038') in 0.7840233 seconds
Number of updated asset objects reloaded before import = 0Number of asset objects unloaded after import = 1

========================================================================
Received Prepare
Refreshing native plugins compatible for Editor in 11.69 ms, found 4 plugins.
Preloading 0 native plugins for Editor in 0.00 ms.
Unloading 16 Unused Serialized files (Serialized files now loaded: 0)
Unloading 7956 unused Assets / (4.7 MB). Loaded Objects now: 8854.
Memory consumption went from 166.0 MB to 161.4 MB.
Total: 13.116700 ms (FindLiveObjects: 1.238300 ms CreateObjectMapping: 0.501600 ms MarkObjects: 8.172200 ms  DeleteObjects: 3.203200 ms)

Prepare: number of updated asset objects reloaded= 0
========================================================================
Received Import Request.
  Time since last request: 7.882669 seconds.
  path: Assets/Scripts/PlayTest/GameboardTest.cs
  artifactKey: Guid(214e3457ee5e2a2479c3ef8000d08d16) Importer(2089858483,b0f066a214c2f5e87bad3c948f4d605d)
Start importing Assets/Scripts/PlayTest/GameboardTest.cs using Guid(214e3457ee5e2a2479c3ef8000d08d16) Importer(2089858483,b0f066a214c2f5e87bad3c948f4d605d) (ScriptedImporter) -> (artifact id: '42c0658532607472ccc5eae4909d7a7e') in 0.0153473 seconds
Number of updated asset objects reloaded before import = 0Number of asset objects unloaded after import = 0

========================================================================
Received Prepare
Assembly with name 'EditorTests' already exists (Assets/Scripts/EditTests/EditorTests.asmdef)
Assembly with name 'EditorTests' already exists (Assets/Scripts/Tests/Tests.asmdef)
Assembly with name 'EditorTests' already exists (Assets/Scripts/Tests/EditorTests.asmdef)
Assembly with name 'EditorTests' already exists (Assets/Scripts/Tests/Tests.asmdef)
Assembly with name 'EditorTests' already exists (Assets/Scripts/EditTests/EditorTests.asmdef)
Assembly with name 'EditorTests' already exists (Assets/Scripts/Tests/Tests.asmdef)
Assembly with name 'EditorTests' already exists (Assets/Scripts/Tests/EditorTests.asmdef)
Assembly with name 'EditorTests' already exists (Assets/Scripts/Tests/Tests.asmdef)
Begin MonoManager ReloadAssembly
[Licensing::Client] Successfully resolved entitlement details
Symbol file LoadedFromMemory is not a mono symbol file
- Loaded All Assemblies, in  2.317 seconds
Assembly with name 'EditorTests' already exists (Assets/Scripts/EditTests/EditorTests.asmdef)
Assembly with name 'EditorTests' already exists (Assets/Scripts/Tests/Tests.asmdef)
Assembly with name 'EditorTests' already exists (Assets/Scripts/Tests/EditorTests.asmdef)
Assembly with name 'EditorTests' already exists (Assets/Scripts/Tests/Tests.asmdef)
Refreshing native plugins compatible for Editor in 1.52 ms, found 4 plugins.
Native extension for WindowsStandalone target not found
Native extension for WebGL target not found
Assembly with name 'EditorTests' already exists (Assets/Scripts/EditTests/EditorTests.asmdef)
Assembly with name 'EditorTests' already exists (Assets/Scripts/Tests/Tests.asmdef)
Assembly with name 'EditorTests' already exists (Assets/Scripts/Tests/EditorTests.asmdef)
Assembly with name 'EditorTests' already exists (Assets/Scripts/Tests/Tests.asmdef)
[Package Manager] Failed to launch server process. Reason: Unity was launched with the -noUpm command-line argument
[Package Manager] Unable to send message (not connected to server process).
[Package Manager] Cannot connect to Unity Package Manager local server
ScheduleIndexationOnStartup MainProcess:False IndexOnStartup:True
Mono: successfully reloaded assembly
- Finished resetting the current domain, in  1.184 seconds
Domain Reload Profiling: 3500ms
	BeginReloadAssembly (960ms)
		ExecutionOrderSort (0ms)
		DisableScriptedObjects (14ms)
		BackupInstance (0ms)
		ReleaseScriptingObjects (0ms)
		CreateAndSetChildDomain (365ms)
	RebuildCommonClasses (51ms)
	RebuildNativeTypeToScriptingClass (17ms)
	initialDomainReloadingComplete (38ms)
	LoadAllAssembliesAndSetupDomain (1249ms)
		LoadAssemblies (1238ms)
		RebuildTransferFunctionScriptingTraits (0ms)
		AnalyzeDomain (363ms)
			TypeCache.Refresh (17ms)
				TypeCache.ScanAssembly (0ms)
			BuildScriptInfoCaches (325ms)
			ResolveRequiredComponents (14ms)
	FinalizeReload (1185ms)
		ReleaseScriptCaches (0ms)
		RebuildScriptCaches (0ms)
		SetupLoadedEditorAssemblies (958ms)
			LogAssemblyErrors (0ms)
			InitializePlatformSupportModulesInManaged (3ms)
			SetLoadedEditorAssemblies (8ms)
			BeforeProcessingInitializeOnLoad (230ms)
			ProcessInitializeOnLoadAttributes (592ms)
			ProcessInitializeOnLoadMethodAttributes (113ms)
			AfterProcessingInitializeOnLoad (12ms)
			EditorAssembliesLoaded (1ms)
		ExecutionOrderSort2 (0ms)
		AwakeInstancesAfterBackupRestoration (20ms)
Refreshing native plugins compatible for Editor in 28.87 ms, found 4 plugins.
Preloading 0 native plugins for Editor in 0.00 ms.
Unloading 16 Unused Serialized files (Serialized files now loaded: 0)
Unloading 7967 unused Assets / (4.6 MB). Loaded Objects now: 8857.
Memory consumption went from 165.9 MB to 161.3 MB.
Total: 15.719600 ms (FindLiveObjects: 1.530300 ms CreateObjectMapping: 0.719300 ms MarkObjects: 9.902500 ms  DeleteObjects: 3.565700 ms)

Prepare: number of updated asset objects reloaded= 0
========================================================================
Received Prepare
Assembly with name 'EditorTests' already exists (Assets/Scripts/EditTests/EditorTests.asmdef)
Assembly with name 'EditorTests' already exists (Assets/Scripts/Tests/Tests.asmdef)
Assembly with name 'EditorTests' already exists (Assets/Scripts/Tests/EditorTests.asmdef)
Assembly with name 'EditorTests' already exists (Assets/Scripts/Tests/Tests.asmdef)
Assembly with name 'EditorTests' already exists (Assets/Scripts/EditTests/EditorTests.asmdef)
Assembly with name 'EditorTests' already exists (Assets/Scripts/Tests/Tests.asmdef)
Assembly with name 'EditorTests' already exists (Assets/Scripts/Tests/EditorTests.asmdef)
Assembly with name 'EditorTests' already exists (Assets/Scripts/Tests/Tests.asmdef)
Begin MonoManager ReloadAssembly
Symbol file LoadedFromMemory is not a mono symbol file
- Loaded All Assemblies, in  1.012 seconds
Assembly with name 'EditorTests' already exists (Assets/Scripts/EditTests/EditorTests.asmdef)
Assembly with name 'EditorTests' already exists (Assets/Scripts/Tests/Tests.asmdef)
Assembly with name 'EditorTests' already exists (Assets/Scripts/Tests/EditorTests.asmdef)
Assembly with name 'EditorTests' already exists (Assets/Scripts/Tests/Tests.asmdef)
Refreshing native plugins compatible for Editor in 1.50 ms, found 4 plugins.
Native extension for WindowsStandalone target not found
Native extension for WebGL target not found
Assembly with name 'EditorTests' already exists (Assets/Scripts/EditTests/EditorTests.asmdef)
Assembly with name 'EditorTests' already exists (Assets/Scripts/Tests/Tests.asmdef)
Assembly with name 'EditorTests' already exists (Assets/Scripts/Tests/EditorTests.asmdef)
Assembly with name 'EditorTests' already exists (Assets/Scripts/Tests/Tests.asmdef)
[Package Manager] Failed to launch server process. Reason: Unity was launched with the -noUpm command-line argument
[Package Manager] Unable to send message (not connected to server process).
[Package Manager] Cannot connect to Unity Package Manager local server
ScheduleIndexationOnStartup MainProcess:False IndexOnStartup:True
Mono: successfully reloaded assembly
- Finished resetting the current domain, in  1.394 seconds
Domain Reload Profiling: 2408ms
	BeginReloadAssembly (306ms)
		ExecutionOrderSort (0ms)
		DisableScriptedObjects (19ms)
		BackupInstance (0ms)
		ReleaseScriptingObjects (0ms)
		CreateAndSetChildDomain (79ms)
	RebuildCommonClasses (43ms)
	RebuildNativeTypeToScriptingClass (16ms)
	initialDomainReloadingComplete (33ms)
	LoadAllAssembliesAndSetupDomain (614ms)
		LoadAssemblies (444ms)
		RebuildTransferFunctionScriptingTraits (0ms)
		AnalyzeDomain (286ms)
			TypeCache.Refresh (12ms)
				TypeCache.ScanAssembly (0ms)
			BuildScriptInfoCaches (256ms)
			ResolveRequiredComponents (12ms)
	FinalizeReload (1395ms)
		ReleaseScriptCaches (0ms)
		RebuildScriptCaches (0ms)
		SetupLoadedEditorAssemblies (1165ms)
			LogAssemblyErrors (0ms)
			InitializePlatformSupportModulesInManaged (2ms)
			SetLoadedEditorAssemblies (6ms)
			BeforeProcessingInitializeOnLoad (216ms)
			ProcessInitializeOnLoadAttributes (822ms)
			ProcessInitializeOnLoadMethodAttributes (109ms)
			AfterProcessingInitializeOnLoad (8ms)
			EditorAssembliesLoaded (1ms)
		ExecutionOrderSort2 (0ms)
		AwakeInstancesAfterBackupRestoration (19ms)
Refreshing native plugins compatible for Editor in 2.41 ms, found 4 plugins.
Preloading 0 native plugins for Editor in 0.00 ms.
Unloading 16 Unused Serialized files (Serialized files now loaded: 0)
Unloading 7967 unused Assets / (5.7 MB). Loaded Objects now: 8860.
Memory consumption went from 165.9 MB to 160.3 MB.
Total: 18.914600 ms (FindLiveObjects: 1.229600 ms CreateObjectMapping: 0.545300 ms MarkObjects: 11.964500 ms  DeleteObjects: 5.173100 ms)

Prepare: number of updated asset objects reloaded= 0
========================================================================
Received Prepare
Refreshing native plugins compatible for Editor in 1.51 ms, found 4 plugins.
Preloading 0 native plugins for Editor in 0.00 ms.
Unloading 16 Unused Serialized files (Serialized files now loaded: 0)
Unloading 7957 unused Assets / (4.1 MB). Loaded Objects now: 8861.
Memory consumption went from 166.1 MB to 162.0 MB.
Total: 11.611100 ms (FindLiveObjects: 1.116200 ms CreateObjectMapping: 0.417500 ms MarkObjects: 7.328000 ms  DeleteObjects: 2.748500 ms)

Prepare: number of updated asset objects reloaded= 0
========================================================================
Received Import Request.
  Time since last request: 315.144841 seconds.
  path: Assets/Scripts/PlayTest/TileTest.cs
  artifactKey: Guid(309089874d6d2ec49b345288ba4b3f20) Importer(2089858483,b0f066a214c2f5e87bad3c948f4d605d)
Start importing Assets/Scripts/PlayTest/TileTest.cs using Guid(309089874d6d2ec49b345288ba4b3f20) Importer(2089858483,b0f066a214c2f5e87bad3c948f4d605d) (ScriptedImporter) -> (artifact id: '709e6327f44ee11335a79910e3a6f143') in 0.6129283 seconds
Number of updated asset objects reloaded before import = 0Number of asset objects unloaded after import = 0

========================================================================
Received Prepare
Refreshing native plugins compatible for Editor in 1.56 ms, found 4 plugins.
Preloading 0 native plugins for Editor in 0.00 ms.
Unloading 16 Unused Serialized files (Serialized files now loaded: 0)
Unloading 7957 unused Assets / (4.8 MB). Loaded Objects now: 8861.
Memory consumption went from 166.1 MB to 161.3 MB.
Total: 14.357700 ms (FindLiveObjects: 1.397800 ms CreateObjectMapping: 0.746600 ms MarkObjects: 8.602000 ms  DeleteObjects: 3.610100 ms)

Prepare: number of updated asset objects reloaded= 0
========================================================================
Received Import Request.
  Time since last request: 18.991514 seconds.
  path: Assets/Scripts/PlayTest/TileTest.cs
  artifactKey: Guid(309089874d6d2ec49b345288ba4b3f20) Importer(2089858483,b0f066a214c2f5e87bad3c948f4d605d)
Start importing Assets/Scripts/PlayTest/TileTest.cs using Guid(309089874d6d2ec49b345288ba4b3f20) Importer(2089858483,b0f066a214c2f5e87bad3c948f4d605d) (ScriptedImporter) -> (artifact id: 'ca0c25fcc336fb6f51e4c6754849918a') in 0.0038432 seconds
Number of updated asset objects reloaded before import = 0Number of asset objects unloaded after import = 0

========================================================================
Received Prepare
Assembly with name 'EditorTests' already exists (Assets/Scripts/EditTests/EditorTests.asmdef)
Assembly with name 'EditorTests' already exists (Assets/Scripts/Tests/Tests.asmdef)
Assembly with name 'EditorTests' already exists (Assets/Scripts/Tests/EditorTests.asmdef)
Assembly with name 'EditorTests' already exists (Assets/Scripts/Tests/Tests.asmdef)
Assembly with name 'EditorTests' already exists (Assets/Scripts/EditTests/EditorTests.asmdef)
Assembly with name 'EditorTests' already exists (Assets/Scripts/Tests/Tests.asmdef)
Assembly with name 'EditorTests' already exists (Assets/Scripts/Tests/EditorTests.asmdef)
Assembly with name 'EditorTests' already exists (Assets/Scripts/Tests/Tests.asmdef)
Begin MonoManager ReloadAssembly
[Licensing::Client] Successfully resolved entitlement details
Symbol file LoadedFromMemory is not a mono symbol file
- Loaded All Assemblies, in  1.111 seconds
Assembly with name 'EditorTests' already exists (Assets/Scripts/EditTests/EditorTests.asmdef)
Assembly with name 'EditorTests' already exists (Assets/Scripts/Tests/Tests.asmdef)
Assembly with name 'EditorTests' already exists (Assets/Scripts/Tests/EditorTests.asmdef)
Assembly with name 'EditorTests' already exists (Assets/Scripts/Tests/Tests.asmdef)
Refreshing native plugins compatible for Editor in 1.46 ms, found 4 plugins.
Native extension for WindowsStandalone target not found
Native extension for WebGL target not found
Assembly with name 'EditorTests' already exists (Assets/Scripts/EditTests/EditorTests.asmdef)
Assembly with name 'EditorTests' already exists (Assets/Scripts/Tests/Tests.asmdef)
Assembly with name 'EditorTests' already exists (Assets/Scripts/Tests/EditorTests.asmdef)
Assembly with name 'EditorTests' already exists (Assets/Scripts/Tests/Tests.asmdef)
[Package Manager] Failed to launch server process. Reason: Unity was launched with the -noUpm command-line argument
[Package Manager] Unable to send message (not connected to server process).
[Package Manager] Cannot connect to Unity Package Manager local server
ScheduleIndexationOnStartup MainProcess:False IndexOnStartup:True
Mono: successfully reloaded assembly
- Finished resetting the current domain, in  1.157 seconds
Domain Reload Profiling: 2268ms
	BeginReloadAssembly (405ms)
		ExecutionOrderSort (0ms)
		DisableScriptedObjects (17ms)
		BackupInstance (0ms)
		ReleaseScriptingObjects (0ms)
		CreateAndSetChildDomain (95ms)
	RebuildCommonClasses (56ms)
	RebuildNativeTypeToScriptingClass (17ms)
	initialDomainReloadingComplete (44ms)
	LoadAllAssembliesAndSetupDomain (588ms)
		LoadAssemblies (474ms)
		RebuildTransferFunctionScriptingTraits (0ms)
		AnalyzeDomain (283ms)
			TypeCache.Refresh (14ms)
				TypeCache.ScanAssembly (0ms)
			BuildScriptInfoCaches (249ms)
			ResolveRequiredComponents (13ms)
	FinalizeReload (1158ms)
		ReleaseScriptCaches (0ms)
		RebuildScriptCaches (0ms)
		SetupLoadedEditorAssemblies (955ms)
			LogAssemblyErrors (0ms)
			InitializePlatformSupportModulesInManaged (2ms)
			SetLoadedEditorAssemblies (4ms)
			BeforeProcessingInitializeOnLoad (185ms)
			ProcessInitializeOnLoadAttributes (645ms)
			ProcessInitializeOnLoadMethodAttributes (110ms)
			AfterProcessingInitializeOnLoad (8ms)
			EditorAssembliesLoaded (1ms)
		ExecutionOrderSort2 (0ms)
		AwakeInstancesAfterBackupRestoration (20ms)
Refreshing native plugins compatible for Editor in 1.51 ms, found 4 plugins.
Preloading 0 native plugins for Editor in 0.00 ms.
Unloading 16 Unused Serialized files (Serialized files now loaded: 0)
Unloading 7968 unused Assets / (4.4 MB). Loaded Objects now: 8864.
Memory consumption went from 166.0 MB to 161.6 MB.
Total: 11.264600 ms (FindLiveObjects: 1.235600 ms CreateObjectMapping: 0.444100 ms MarkObjects: 6.873400 ms  DeleteObjects: 2.710400 ms)

Prepare: number of updated asset objects reloaded= 0
========================================================================
Received Prepare
Refreshing native plugins compatible for Editor in 1.76 ms, found 4 plugins.
Preloading 0 native plugins for Editor in 0.00 ms.
Unloading 16 Unused Serialized files (Serialized files now loaded: 0)
Unloading 7956 unused Assets / (4.7 MB). Loaded Objects now: 8863.
Memory consumption went from 166.1 MB to 161.4 MB.
Total: 16.897400 ms (FindLiveObjects: 1.568300 ms CreateObjectMapping: 0.598900 ms MarkObjects: 9.585000 ms  DeleteObjects: 5.143800 ms)

Prepare: number of updated asset objects reloaded= 0
========================================================================
Received Prepare
Assembly with name 'EditorTests' already exists (Assets/Scripts/EditTests/EditorTests.asmdef)
Assembly with name 'EditorTests' already exists (Assets/Scripts/Tests/Tests.asmdef)
Assembly with name 'EditorTests' already exists (Assets/Scripts/Tests/EditorTests.asmdef)
Assembly with name 'EditorTests' already exists (Assets/Scripts/Tests/Tests.asmdef)
Assembly with name 'EditorTests' already exists (Assets/Scripts/EditTests/EditorTests.asmdef)
Assembly with name 'EditorTests' already exists (Assets/Scripts/Tests/Tests.asmdef)
Assembly with name 'EditorTests' already exists (Assets/Scripts/Tests/EditorTests.asmdef)
Assembly with name 'EditorTests' already exists (Assets/Scripts/Tests/Tests.asmdef)
Begin MonoManager ReloadAssembly
Symbol file LoadedFromMemory is not a mono symbol file
- Loaded All Assemblies, in  1.056 seconds
Assembly with name 'EditorTests' already exists (Assets/Scripts/EditTests/EditorTests.asmdef)
Assembly with name 'EditorTests' already exists (Assets/Scripts/Tests/Tests.asmdef)
Assembly with name 'EditorTests' already exists (Assets/Scripts/Tests/EditorTests.asmdef)
Assembly with name 'EditorTests' already exists (Assets/Scripts/Tests/Tests.asmdef)
Refreshing native plugins compatible for Editor in 1.52 ms, found 4 plugins.
Native extension for WindowsStandalone target not found
Native extension for WebGL target not found
Assembly with name 'EditorTests' already exists (Assets/Scripts/EditTests/EditorTests.asmdef)
Assembly with name 'EditorTests' already exists (Assets/Scripts/Tests/Tests.asmdef)
Assembly with name 'EditorTests' already exists (Assets/Scripts/Tests/EditorTests.asmdef)
Assembly with name 'EditorTests' already exists (Assets/Scripts/Tests/Tests.asmdef)
[Package Manager] Failed to launch server process. Reason: Unity was launched with the -noUpm command-line argument
[Package Manager] Unable to send message (not connected to server process).
[Package Manager] Cannot connect to Unity Package Manager local server
ScheduleIndexationOnStartup MainProcess:False IndexOnStartup:True
Mono: successfully reloaded assembly
- Finished resetting the current domain, in  1.504 seconds
Domain Reload Profiling: 2560ms
	BeginReloadAssembly (371ms)
		ExecutionOrderSort (0ms)
		DisableScriptedObjects (15ms)
		BackupInstance (0ms)
		ReleaseScriptingObjects (0ms)
		CreateAndSetChildDomain (159ms)
	RebuildCommonClasses (51ms)
	RebuildNativeTypeToScriptingClass (19ms)
	initialDomainReloadingComplete (35ms)
	LoadAllAssembliesAndSetupDomain (580ms)
		LoadAssemblies (402ms)
		RebuildTransferFunctionScriptingTraits (0ms)
		AnalyzeDomain (284ms)
			TypeCache.Refresh (13ms)
				TypeCache.ScanAssembly (0ms)
			BuildScriptInfoCaches (250ms)
			ResolveRequiredComponents (15ms)
	FinalizeReload (1504ms)
		ReleaseScriptCaches (0ms)
		RebuildScriptCaches (0ms)
		SetupLoadedEditorAssemblies (1306ms)
			LogAssemblyErrors (0ms)
			InitializePlatformSupportModulesInManaged (2ms)
			SetLoadedEditorAssemblies (5ms)
			BeforeProcessingInitializeOnLoad (195ms)
			ProcessInitializeOnLoadAttributes (996ms)
			ProcessInitializeOnLoadMethodAttributes (96ms)
			AfterProcessingInitializeOnLoad (11ms)
			EditorAssembliesLoaded (1ms)
		ExecutionOrderSort2 (0ms)
		AwakeInstancesAfterBackupRestoration (22ms)
Refreshing native plugins compatible for Editor in 2.11 ms, found 4 plugins.
Preloading 0 native plugins for Editor in 0.00 ms.
Unloading 16 Unused Serialized files (Serialized files now loaded: 0)
Unloading 7967 unused Assets / (4.4 MB). Loaded Objects now: 8866.
Memory consumption went from 166.0 MB to 161.6 MB.
Total: 12.039200 ms (FindLiveObjects: 1.272500 ms CreateObjectMapping: 0.472900 ms MarkObjects: 7.396000 ms  DeleteObjects: 2.896700 ms)

Prepare: number of updated asset objects reloaded= 0
========================================================================
Received Prepare
Refreshing native plugins compatible for Editor in 1.49 ms, found 4 plugins.
Preloading 0 native plugins for Editor in 0.00 ms.
Unloading 16 Unused Serialized files (Serialized files now loaded: 0)
Unloading 7957 unused Assets / (4.7 MB). Loaded Objects now: 8867.
Memory consumption went from 166.2 MB to 161.5 MB.
Total: 16.691200 ms (FindLiveObjects: 1.327000 ms CreateObjectMapping: 0.657600 ms MarkObjects: 9.888000 ms  DeleteObjects: 4.817600 ms)

Prepare: number of updated asset objects reloaded= 0
========================================================================
Received Import Request.
  Time since last request: 441.417034 seconds.
  path: Assets/Scripts/EditTests/SP_AttributeTest.cs
  artifactKey: Guid(94dc93ef56da5e24c8547e0839bfa6ee) Importer(2089858483,b0f066a214c2f5e87bad3c948f4d605d)
Start importing Assets/Scripts/EditTests/SP_AttributeTest.cs using Guid(94dc93ef56da5e24c8547e0839bfa6ee) Importer(2089858483,b0f066a214c2f5e87bad3c948f4d605d) (ScriptedImporter) -> (artifact id: 'a291ee25b2e8ea277951cb3babc339b9') in 0.0886868 seconds
Number of updated asset objects reloaded before import = 0Number of asset objects unloaded after import = 0

========================================================================
Received Prepare
Refreshing native plugins compatible for Editor in 2.06 ms, found 4 plugins.
Preloading 0 native plugins for Editor in 0.00 ms.
Unloading 16 Unused Serialized files (Serialized files now loaded: 0)
Unloading 7957 unused Assets / (5.5 MB). Loaded Objects now: 8867.
Memory consumption went from 166.2 MB to 160.7 MB.
Total: 19.861300 ms (FindLiveObjects: 1.978400 ms CreateObjectMapping: 1.560900 ms MarkObjects: 11.105700 ms  DeleteObjects: 5.214800 ms)

Prepare: number of updated asset objects reloaded= 0
========================================================================
Received Import Request.
  Time since last request: 22.070445 seconds.
  path: Assets/Scripts/EditTests/SP_AttributeTest.cs
  artifactKey: Guid(94dc93ef56da5e24c8547e0839bfa6ee) Importer(2089858483,b0f066a214c2f5e87bad3c948f4d605d)
Start importing Assets/Scripts/EditTests/SP_AttributeTest.cs using Guid(94dc93ef56da5e24c8547e0839bfa6ee) Importer(2089858483,b0f066a214c2f5e87bad3c948f4d605d) (ScriptedImporter) -> (artifact id: 'acc37145ff816e4c28019705a607b5da') in 0.0050762 seconds
Number of updated asset objects reloaded before import = 0Number of asset objects unloaded after import = 0

========================================================================
Received Prepare
Refreshing native plugins compatible for Editor in 2.26 ms, found 4 plugins.
Preloading 0 native plugins for Editor in 0.00 ms.
Unloading 16 Unused Serialized files (Serialized files now loaded: 0)
Unloading 7957 unused Assets / (5.0 MB). Loaded Objects now: 8867.
Memory consumption went from 166.2 MB to 161.2 MB.
Total: 13.339500 ms (FindLiveObjects: 1.404800 ms CreateObjectMapping: 0.565700 ms MarkObjects: 7.085000 ms  DeleteObjects: 4.282800 ms)

Prepare: number of updated asset objects reloaded= 0
========================================================================
Received Import Request.
  Time since last request: 8.797761 seconds.
  path: Assets/Scripts/PlayTest/SP_AttributeTest.cs
  artifactKey: Guid(94dc93ef56da5e24c8547e0839bfa6ee) Importer(2089858483,b0f066a214c2f5e87bad3c948f4d605d)
Start importing Assets/Scripts/PlayTest/SP_AttributeTest.cs using Guid(94dc93ef56da5e24c8547e0839bfa6ee) Importer(2089858483,b0f066a214c2f5e87bad3c948f4d605d) (ScriptedImporter) -> (artifact id: 'e43b9f3233bd421df4765ffc29bb3419') in 0.0043719 seconds
Number of updated asset objects reloaded before import = 0Number of asset objects unloaded after import = 0

========================================================================
Received Prepare
Refreshing native plugins compatible for Editor in 1.53 ms, found 4 plugins.
Preloading 0 native plugins for Editor in 0.00 ms.
Unloading 16 Unused Serialized files (Serialized files now loaded: 0)
Unloading 7957 unused Assets / (5.2 MB). Loaded Objects now: 8867.
Memory consumption went from 166.2 MB to 161.0 MB.
Total: 17.057000 ms (FindLiveObjects: 1.372700 ms CreateObjectMapping: 0.580600 ms MarkObjects: 11.109000 ms  DeleteObjects: 3.993200 ms)

Prepare: number of updated asset objects reloaded= 0
========================================================================
Received Import Request.
  Time since last request: 94.035823 seconds.
  path: Assets/Scripts/PlayTest/SP_AttributeTest.cs
  artifactKey: Guid(94dc93ef56da5e24c8547e0839bfa6ee) Importer(2089858483,b0f066a214c2f5e87bad3c948f4d605d)
Start importing Assets/Scripts/PlayTest/SP_AttributeTest.cs using Guid(94dc93ef56da5e24c8547e0839bfa6ee) Importer(2089858483,b0f066a214c2f5e87bad3c948f4d605d) (ScriptedImporter) -> (artifact id: '8ea2d843482960fbd43734a6ce2b857e') in 0.0052321 seconds
Number of updated asset objects reloaded before import = 0Number of asset objects unloaded after import = 0

========================================================================
Received Prepare
Refreshing native plugins compatible for Editor in 2.09 ms, found 4 plugins.
Preloading 0 native plugins for Editor in 0.00 ms.
Unloading 16 Unused Serialized files (Serialized files now loaded: 0)
Unloading 7957 unused Assets / (4.9 MB). Loaded Objects now: 8867.
Memory consumption went from 166.2 MB to 161.3 MB.
Total: 16.899100 ms (FindLiveObjects: 1.546900 ms CreateObjectMapping: 0.514400 ms MarkObjects: 10.272100 ms  DeleteObjects: 4.564300 ms)

Prepare: number of updated asset objects reloaded= 0
========================================================================
Received Import Request.
  Time since last request: 20.686260 seconds.
  path: Assets/Scripts/PlayTest/SP_AttributeTest.cs
  artifactKey: Guid(94dc93ef56da5e24c8547e0839bfa6ee) Importer(2089858483,b0f066a214c2f5e87bad3c948f4d605d)
Start importing Assets/Scripts/PlayTest/SP_AttributeTest.cs using Guid(94dc93ef56da5e24c8547e0839bfa6ee) Importer(2089858483,b0f066a214c2f5e87bad3c948f4d605d) (ScriptedImporter) -> (artifact id: 'c34baa25657239621dc64d0a9b5fa888') in 0.0226373 seconds
Number of updated asset objects reloaded before import = 0Number of asset objects unloaded after import = 0

========================================================================
Received Prepare
Refreshing native plugins compatible for Editor in 2.47 ms, found 4 plugins.
Preloading 0 native plugins for Editor in 0.00 ms.
Unloading 16 Unused Serialized files (Serialized files now loaded: 0)
Unloading 7957 unused Assets / (4.9 MB). Loaded Objects now: 8867.
Memory consumption went from 166.2 MB to 161.3 MB.
Total: 16.389000 ms (FindLiveObjects: 1.498600 ms CreateObjectMapping: 0.606900 ms MarkObjects: 10.158100 ms  DeleteObjects: 4.123900 ms)

Prepare: number of updated asset objects reloaded= 0
========================================================================
Received Import Request.
  Time since last request: 17.930667 seconds.
  path: Assets/Scripts/PlayTest/SP_AttributeTest.cs
  artifactKey: Guid(94dc93ef56da5e24c8547e0839bfa6ee) Importer(2089858483,b0f066a214c2f5e87bad3c948f4d605d)
Start importing Assets/Scripts/PlayTest/SP_AttributeTest.cs using Guid(94dc93ef56da5e24c8547e0839bfa6ee) Importer(2089858483,b0f066a214c2f5e87bad3c948f4d605d) (ScriptedImporter) -> (artifact id: '9bebc58d47e2129de142eac861331bea') in 0.0057019 seconds
Number of updated asset objects reloaded before import = 0Number of asset objects unloaded after import = 0

========================================================================
Received Prepare
Refreshing native plugins compatible for Editor in 1.61 ms, found 4 plugins.
Preloading 0 native plugins for Editor in 0.00 ms.
Unloading 16 Unused Serialized files (Serialized files now loaded: 0)
Unloading 7957 unused Assets / (4.6 MB). Loaded Objects now: 8867.
Memory consumption went from 166.2 MB to 161.6 MB.
Total: 14.242300 ms (FindLiveObjects: 1.193900 ms CreateObjectMapping: 0.492800 ms MarkObjects: 9.176100 ms  DeleteObjects: 3.378200 ms)

Prepare: number of updated asset objects reloaded= 0
========================================================================
Received Import Request.
  Time since last request: 4.381743 seconds.
  path: Assets/Scripts/PlayTest/SP_AttributeTest.cs
  artifactKey: Guid(94dc93ef56da5e24c8547e0839bfa6ee) Importer(2089858483,b0f066a214c2f5e87bad3c948f4d605d)
Start importing Assets/Scripts/PlayTest/SP_AttributeTest.cs using Guid(94dc93ef56da5e24c8547e0839bfa6ee) Importer(2089858483,b0f066a214c2f5e87bad3c948f4d605d) (ScriptedImporter) -> (artifact id: '419e8e7ff68348d9647b8b8c9a0af06c') in 0.005402 seconds
Number of updated asset objects reloaded before import = 0Number of asset objects unloaded after import = 0

========================================================================
Received Prepare
Refreshing native plugins compatible for Editor in 1.82 ms, found 4 plugins.
Preloading 0 native plugins for Editor in 0.00 ms.
Unloading 16 Unused Serialized files (Serialized files now loaded: 0)
Unloading 7957 unused Assets / (4.5 MB). Loaded Objects now: 8867.
Memory consumption went from 166.2 MB to 161.7 MB.
Total: 15.487400 ms (FindLiveObjects: 1.511300 ms CreateObjectMapping: 0.799300 ms MarkObjects: 8.977900 ms  DeleteObjects: 4.197700 ms)

Prepare: number of updated asset objects reloaded= 0
========================================================================
Received Import Request.
  Time since last request: 40.257710 seconds.
  path: Assets/Scripts/PlayTest/SP_AttributeTest.cs
  artifactKey: Guid(94dc93ef56da5e24c8547e0839bfa6ee) Importer(2089858483,b0f066a214c2f5e87bad3c948f4d605d)
Start importing Assets/Scripts/PlayTest/SP_AttributeTest.cs using Guid(94dc93ef56da5e24c8547e0839bfa6ee) Importer(2089858483,b0f066a214c2f5e87bad3c948f4d605d) (ScriptedImporter) -> (artifact id: '51be3cb4735fe07282260f552773dce8') in 0.0241643 seconds
Number of updated asset objects reloaded before import = 0Number of asset objects unloaded after import = 0

========================================================================
Received Prepare
Refreshing native plugins compatible for Editor in 1.99 ms, found 4 plugins.
Preloading 0 native plugins for Editor in 0.00 ms.
Unloading 16 Unused Serialized files (Serialized files now loaded: 0)
Unloading 7957 unused Assets / (4.9 MB). Loaded Objects now: 8867.
Memory consumption went from 166.2 MB to 161.3 MB.
Total: 14.877500 ms (FindLiveObjects: 1.143300 ms CreateObjectMapping: 0.436400 ms MarkObjects: 9.255600 ms  DeleteObjects: 4.040800 ms)

Prepare: number of updated asset objects reloaded= 0
========================================================================
Received Import Request.
  Time since last request: 23.174317 seconds.
  path: Assets/Scripts/PlayTest/SP_AttributeTest.cs
  artifactKey: Guid(94dc93ef56da5e24c8547e0839bfa6ee) Importer(2089858483,b0f066a214c2f5e87bad3c948f4d605d)
Start importing Assets/Scripts/PlayTest/SP_AttributeTest.cs using Guid(94dc93ef56da5e24c8547e0839bfa6ee) Importer(2089858483,b0f066a214c2f5e87bad3c948f4d605d) (ScriptedImporter) -> (artifact id: '66848b2e86cc226eb2e37b5b0abcd086') in 0.004774 seconds
Number of updated asset objects reloaded before import = 0Number of asset objects unloaded after import = 0

========================================================================
Received Prepare
Refreshing native plugins compatible for Editor in 1.60 ms, found 4 plugins.
Preloading 0 native plugins for Editor in 0.00 ms.
Unloading 16 Unused Serialized files (Serialized files now loaded: 0)
Unloading 7957 unused Assets / (5.0 MB). Loaded Objects now: 8867.
Memory consumption went from 166.2 MB to 161.2 MB.
Total: 16.836400 ms (FindLiveObjects: 1.392600 ms CreateObjectMapping: 0.580700 ms MarkObjects: 10.797200 ms  DeleteObjects: 4.064700 ms)

Prepare: number of updated asset objects reloaded= 0
========================================================================
Received Import Request.
  Time since last request: 55.292073 seconds.
  path: Assets/Scripts/PlayTest/SP_AttributeTest.cs
  artifactKey: Guid(94dc93ef56da5e24c8547e0839bfa6ee) Importer(2089858483,b0f066a214c2f5e87bad3c948f4d605d)
Start importing Assets/Scripts/PlayTest/SP_AttributeTest.cs using Guid(94dc93ef56da5e24c8547e0839bfa6ee) Importer(2089858483,b0f066a214c2f5e87bad3c948f4d605d) (ScriptedImporter) -> (artifact id: 'ca9ad3a7cfae872349aa5134a431d261') in 0.0048281 seconds
Number of updated asset objects reloaded before import = 0Number of asset objects unloaded after import = 0

========================================================================
Received Prepare
Refreshing native plugins compatible for Editor in 2.36 ms, found 4 plugins.
Preloading 0 native plugins for Editor in 0.00 ms.
Unloading 16 Unused Serialized files (Serialized files now loaded: 0)
Unloading 7957 unused Assets / (5.1 MB). Loaded Objects now: 8867.
Memory consumption went from 166.2 MB to 161.1 MB.
Total: 16.507600 ms (FindLiveObjects: 1.965500 ms CreateObjectMapping: 0.947600 ms MarkObjects: 8.803600 ms  DeleteObjects: 4.789000 ms)

Prepare: number of updated asset objects reloaded= 0
========================================================================
Received Import Request.
  Time since last request: 15.307039 seconds.
  path: Assets/Scripts/PlayTest/SP_AttributeTest.cs
  artifactKey: Guid(94dc93ef56da5e24c8547e0839bfa6ee) Importer(2089858483,b0f066a214c2f5e87bad3c948f4d605d)
Start importing Assets/Scripts/PlayTest/SP_AttributeTest.cs using Guid(94dc93ef56da5e24c8547e0839bfa6ee) Importer(2089858483,b0f066a214c2f5e87bad3c948f4d605d) (ScriptedImporter) -> (artifact id: '657b76771bd3e0a186098b6d95d28f88') in 0.0048937 seconds
Number of updated asset objects reloaded before import = 0Number of asset objects unloaded after import = 0

========================================================================
Received Prepare
Refreshing native plugins compatible for Editor in 2.07 ms, found 4 plugins.
Preloading 0 native plugins for Editor in 0.00 ms.
Unloading 16 Unused Serialized files (Serialized files now loaded: 0)
Unloading 7957 unused Assets / (4.6 MB). Loaded Objects now: 8867.
Memory consumption went from 166.2 MB to 161.6 MB.
Total: 15.427000 ms (FindLiveObjects: 1.381900 ms CreateObjectMapping: 0.585100 ms MarkObjects: 10.023300 ms  DeleteObjects: 3.435200 ms)

Prepare: number of updated asset objects reloaded= 0
========================================================================
Received Import Request.
  Time since last request: 12.927851 seconds.
  path: Assets/Scripts/PlayTest/SP_AttributeTest.cs
  artifactKey: Guid(94dc93ef56da5e24c8547e0839bfa6ee) Importer(2089858483,b0f066a214c2f5e87bad3c948f4d605d)
Start importing Assets/Scripts/PlayTest/SP_AttributeTest.cs using Guid(94dc93ef56da5e24c8547e0839bfa6ee) Importer(2089858483,b0f066a214c2f5e87bad3c948f4d605d) (ScriptedImporter) -> (artifact id: 'ab60a08e9731fc5e8addc95d123cb6cc') in 0.0215289 seconds
Number of updated asset objects reloaded before import = 0Number of asset objects unloaded after import = 0

========================================================================
Received Prepare
Refreshing native plugins compatible for Editor in 2.11 ms, found 4 plugins.
Preloading 0 native plugins for Editor in 0.00 ms.
Unloading 16 Unused Serialized files (Serialized files now loaded: 0)
Unloading 7957 unused Assets / (4.5 MB). Loaded Objects now: 8867.
Memory consumption went from 166.2 MB to 161.7 MB.
Total: 16.219000 ms (FindLiveObjects: 1.760400 ms CreateObjectMapping: 0.769100 ms MarkObjects: 9.390800 ms  DeleteObjects: 4.297400 ms)

Prepare: number of updated asset objects reloaded= 0
========================================================================
Received Import Request.
  Time since last request: 7.456854 seconds.
  path: Assets/Scripts/PlayTest/SP_AttributeTest.cs
  artifactKey: Guid(94dc93ef56da5e24c8547e0839bfa6ee) Importer(2089858483,b0f066a214c2f5e87bad3c948f4d605d)
Start importing Assets/Scripts/PlayTest/SP_AttributeTest.cs using Guid(94dc93ef56da5e24c8547e0839bfa6ee) Importer(2089858483,b0f066a214c2f5e87bad3c948f4d605d) (ScriptedImporter) -> (artifact id: '101e3bb702e82b8aee0205755cece8e9') in 0.0086619 seconds
Number of updated asset objects reloaded before import = 0Number of asset objects unloaded after import = 0

========================================================================
Received Prepare
Refreshing native plugins compatible for Editor in 1.56 ms, found 4 plugins.
Preloading 0 native plugins for Editor in 0.00 ms.
Unloading 16 Unused Serialized files (Serialized files now loaded: 0)
Unloading 7957 unused Assets / (5.1 MB). Loaded Objects now: 8867.
Memory consumption went from 166.2 MB to 161.2 MB.
Total: 14.958500 ms (FindLiveObjects: 1.215700 ms CreateObjectMapping: 0.576600 ms MarkObjects: 9.287700 ms  DeleteObjects: 3.877000 ms)

Prepare: number of updated asset objects reloaded= 0
========================================================================
Received Import Request.
  Time since last request: 13.034740 seconds.
  path: Assets/Scripts/PlayTest/SP_AttributeTest.cs
  artifactKey: Guid(94dc93ef56da5e24c8547e0839bfa6ee) Importer(2089858483,b0f066a214c2f5e87bad3c948f4d605d)
Start importing Assets/Scripts/PlayTest/SP_AttributeTest.cs using Guid(94dc93ef56da5e24c8547e0839bfa6ee) Importer(2089858483,b0f066a214c2f5e87bad3c948f4d605d) (ScriptedImporter) -> (artifact id: '15a3518c27da2d452557822f9df96d57') in 0.0049723 seconds
Number of updated asset objects reloaded before import = 0Number of asset objects unloaded after import = 0

========================================================================
Received Prepare
Refreshing native plugins compatible for Editor in 1.90 ms, found 4 plugins.
Preloading 0 native plugins for Editor in 0.00 ms.
Unloading 16 Unused Serialized files (Serialized files now loaded: 0)
Unloading 7957 unused Assets / (4.5 MB). Loaded Objects now: 8867.
Memory consumption went from 166.2 MB to 161.7 MB.
Total: 13.131300 ms (FindLiveObjects: 1.139200 ms CreateObjectMapping: 0.432200 ms MarkObjects: 7.943900 ms  DeleteObjects: 3.615000 ms)

Prepare: number of updated asset objects reloaded= 0
========================================================================
Received Import Request.
  Time since last request: 6.354769 seconds.
  path: Assets/Scripts/PlayTest/SP_AttributeTest.cs
  artifactKey: Guid(94dc93ef56da5e24c8547e0839bfa6ee) Importer(2089858483,b0f066a214c2f5e87bad3c948f4d605d)
Start importing Assets/Scripts/PlayTest/SP_AttributeTest.cs using Guid(94dc93ef56da5e24c8547e0839bfa6ee) Importer(2089858483,b0f066a214c2f5e87bad3c948f4d605d) (ScriptedImporter) -> (artifact id: 'bdceddeda7d497d022c81290b34a5729') in 0.0047288 seconds
Number of updated asset objects reloaded before import = 0Number of asset objects unloaded after import = 0

========================================================================
Received Prepare
Assembly with name 'EditorTests' already exists (Assets/Scripts/EditTests/EditorTests.asmdef)
Assembly with name 'EditorTests' already exists (Assets/Scripts/Tests/Tests.asmdef)
Assembly with name 'EditorTests' already exists (Assets/Scripts/Tests/EditorTests.asmdef)
Assembly with name 'EditorTests' already exists (Assets/Scripts/Tests/Tests.asmdef)
Assembly with name 'EditorTests' already exists (Assets/Scripts/EditTests/EditorTests.asmdef)
Assembly with name 'EditorTests' already exists (Assets/Scripts/Tests/Tests.asmdef)
Assembly with name 'EditorTests' already exists (Assets/Scripts/Tests/EditorTests.asmdef)
Assembly with name 'EditorTests' already exists (Assets/Scripts/Tests/Tests.asmdef)
Begin MonoManager ReloadAssembly
[Licensing::Client] Successfully resolved entitlement details
Symbol file LoadedFromMemory is not a mono symbol file
- Loaded All Assemblies, in  1.113 seconds
Assembly with name 'EditorTests' already exists (Assets/Scripts/EditTests/EditorTests.asmdef)
Assembly with name 'EditorTests' already exists (Assets/Scripts/Tests/Tests.asmdef)
Assembly with name 'EditorTests' already exists (Assets/Scripts/Tests/EditorTests.asmdef)
Assembly with name 'EditorTests' already exists (Assets/Scripts/Tests/Tests.asmdef)
Refreshing native plugins compatible for Editor in 1.44 ms, found 4 plugins.
Native extension for WindowsStandalone target not found
Native extension for WebGL target not found
Assembly with name 'EditorTests' already exists (Assets/Scripts/EditTests/EditorTests.asmdef)
Assembly with name 'EditorTests' already exists (Assets/Scripts/Tests/Tests.asmdef)
Assembly with name 'EditorTests' already exists (Assets/Scripts/Tests/EditorTests.asmdef)
Assembly with name 'EditorTests' already exists (Assets/Scripts/Tests/Tests.asmdef)
[Package Manager] Failed to launch server process. Reason: Unity was launched with the -noUpm command-line argument
[Package Manager] Unable to send message (not connected to server process).
[Package Manager] Cannot connect to Unity Package Manager local server
ScheduleIndexationOnStartup MainProcess:False IndexOnStartup:True
Mono: successfully reloaded assembly
- Finished resetting the current domain, in  1.221 seconds
Domain Reload Profiling: 2336ms
	BeginReloadAssembly (291ms)
		ExecutionOrderSort (0ms)
		DisableScriptedObjects (18ms)
		BackupInstance (0ms)
		ReleaseScriptingObjects (0ms)
		CreateAndSetChildDomain (75ms)
	RebuildCommonClasses (46ms)
	RebuildNativeTypeToScriptingClass (17ms)
	initialDomainReloadingComplete (35ms)
	LoadAllAssembliesAndSetupDomain (726ms)
		LoadAssemblies (551ms)
		RebuildTransferFunctionScriptingTraits (0ms)
		AnalyzeDomain (303ms)
			TypeCache.Refresh (13ms)
				TypeCache.ScanAssembly (0ms)
			BuildScriptInfoCaches (272ms)
			ResolveRequiredComponents (12ms)
	FinalizeReload (1222ms)
		ReleaseScriptCaches (0ms)
		RebuildScriptCaches (0ms)
		SetupLoadedEditorAssemblies (1030ms)
			LogAssemblyErrors (0ms)
			InitializePlatformSupportModulesInManaged (2ms)
			SetLoadedEditorAssemblies (7ms)
			BeforeProcessingInitializeOnLoad (203ms)
			ProcessInitializeOnLoadAttributes (711ms)
			ProcessInitializeOnLoadMethodAttributes (95ms)
			AfterProcessingInitializeOnLoad (11ms)
			EditorAssembliesLoaded (1ms)
		ExecutionOrderSort2 (0ms)
		AwakeInstancesAfterBackupRestoration (20ms)
Refreshing native plugins compatible for Editor in 1.60 ms, found 4 plugins.
Preloading 0 native plugins for Editor in 0.00 ms.
Unloading 16 Unused Serialized files (Serialized files now loaded: 0)
Unloading 7968 unused Assets / (4.3 MB). Loaded Objects now: 8870.
Memory consumption went from 166.1 MB to 161.8 MB.
Total: 12.743200 ms (FindLiveObjects: 1.326500 ms CreateObjectMapping: 0.568200 ms MarkObjects: 7.744800 ms  DeleteObjects: 3.102900 ms)

Prepare: number of updated asset objects reloaded= 0
========================================================================
Received Prepare
Assembly with name 'EditorTests' already exists (Assets/Scripts/EditTests/EditorTests.asmdef)
Assembly with name 'EditorTests' already exists (Assets/Scripts/Tests/Tests.asmdef)
Assembly with name 'EditorTests' already exists (Assets/Scripts/Tests/EditorTests.asmdef)
Assembly with name 'EditorTests' already exists (Assets/Scripts/Tests/Tests.asmdef)
Assembly with name 'EditorTests' already exists (Assets/Scripts/EditTests/EditorTests.asmdef)
Assembly with name 'EditorTests' already exists (Assets/Scripts/Tests/Tests.asmdef)
Assembly with name 'EditorTests' already exists (Assets/Scripts/Tests/EditorTests.asmdef)
Assembly with name 'EditorTests' already exists (Assets/Scripts/Tests/Tests.asmdef)
Begin MonoManager ReloadAssembly
Symbol file LoadedFromMemory is not a mono symbol file
- Loaded All Assemblies, in  0.970 seconds
Assembly with name 'EditorTests' already exists (Assets/Scripts/EditTests/EditorTests.asmdef)
Assembly with name 'EditorTests' already exists (Assets/Scripts/Tests/Tests.asmdef)
Assembly with name 'EditorTests' already exists (Assets/Scripts/Tests/EditorTests.asmdef)
Assembly with name 'EditorTests' already exists (Assets/Scripts/Tests/Tests.asmdef)
Refreshing native plugins compatible for Editor in 1.46 ms, found 4 plugins.
Native extension for WindowsStandalone target not found
Native extension for WebGL target not found
Assembly with name 'EditorTests' already exists (Assets/Scripts/EditTests/EditorTests.asmdef)
Assembly with name 'EditorTests' already exists (Assets/Scripts/Tests/Tests.asmdef)
Assembly with name 'EditorTests' already exists (Assets/Scripts/Tests/EditorTests.asmdef)
Assembly with name 'EditorTests' already exists (Assets/Scripts/Tests/Tests.asmdef)
[Package Manager] Failed to launch server process. Reason: Unity was launched with the -noUpm command-line argument
[Package Manager] Unable to send message (not connected to server process).
[Package Manager] Cannot connect to Unity Package Manager local server
ScheduleIndexationOnStartup MainProcess:False IndexOnStartup:True
Mono: successfully reloaded assembly
- Finished resetting the current domain, in  1.199 seconds
Domain Reload Profiling: 2170ms
	BeginReloadAssembly (258ms)
		ExecutionOrderSort (0ms)
		DisableScriptedObjects (15ms)
		BackupInstance (0ms)
		ReleaseScriptingObjects (0ms)
		CreateAndSetChildDomain (62ms)
	RebuildCommonClasses (42ms)
	RebuildNativeTypeToScriptingClass (16ms)
	initialDomainReloadingComplete (33ms)
	LoadAllAssembliesAndSetupDomain (620ms)
		LoadAssemblies (445ms)
		RebuildTransferFunctionScriptingTraits (0ms)
		AnalyzeDomain (287ms)
			TypeCache.Refresh (10ms)
				TypeCache.ScanAssembly (0ms)
			BuildScriptInfoCaches (255ms)
			ResolveRequiredComponents (15ms)
	FinalizeReload (1200ms)
		ReleaseScriptCaches (0ms)
		RebuildScriptCaches (0ms)
		SetupLoadedEditorAssemblies (1014ms)
			LogAssemblyErrors (0ms)
			InitializePlatformSupportModulesInManaged (2ms)
			SetLoadedEditorAssemblies (5ms)
			BeforeProcessingInitializeOnLoad (281ms)
			ProcessInitializeOnLoadAttributes (615ms)
			ProcessInitializeOnLoadMethodAttributes (100ms)
			AfterProcessingInitializeOnLoad (10ms)
			EditorAssembliesLoaded (1ms)
		ExecutionOrderSort2 (0ms)
		AwakeInstancesAfterBackupRestoration (15ms)
Refreshing native plugins compatible for Editor in 1.51 ms, found 4 plugins.
Preloading 0 native plugins for Editor in 0.00 ms.
Unloading 16 Unused Serialized files (Serialized files now loaded: 0)
Unloading 7968 unused Assets / (4.5 MB). Loaded Objects now: 8873.
Memory consumption went from 166.1 MB to 161.6 MB.
Total: 12.178300 ms (FindLiveObjects: 1.306800 ms CreateObjectMapping: 0.556900 ms MarkObjects: 6.985000 ms  DeleteObjects: 3.328200 ms)

Prepare: number of updated asset objects reloaded= 0
========================================================================
Received Prepare
Refreshing native plugins compatible for Editor in 2.44 ms, found 4 plugins.
Preloading 0 native plugins for Editor in 0.00 ms.
Unloading 16 Unused Serialized files (Serialized files now loaded: 0)
Unloading 7957 unused Assets / (4.8 MB). Loaded Objects now: 8873.
Memory consumption went from 166.3 MB to 161.5 MB.
Total: 17.447500 ms (FindLiveObjects: 1.740800 ms CreateObjectMapping: 0.760200 ms MarkObjects: 9.950400 ms  DeleteObjects: 4.994000 ms)

Prepare: number of updated asset objects reloaded= 0
========================================================================
Received Prepare
Assembly with name 'EditorTests' already exists (Assets/Scripts/EditTests/EditorTests.asmdef)
Assembly with name 'EditorTests' already exists (Assets/Scripts/Tests/Tests.asmdef)
Assembly with name 'EditorTests' already exists (Assets/Scripts/Tests/EditorTests.asmdef)
Assembly with name 'EditorTests' already exists (Assets/Scripts/Tests/Tests.asmdef)
Assembly with name 'EditorTests' already exists (Assets/Scripts/EditTests/EditorTests.asmdef)
Assembly with name 'EditorTests' already exists (Assets/Scripts/Tests/Tests.asmdef)
Assembly with name 'EditorTests' already exists (Assets/Scripts/Tests/EditorTests.asmdef)
Assembly with name 'EditorTests' already exists (Assets/Scripts/Tests/Tests.asmdef)
Begin MonoManager ReloadAssembly
Symbol file LoadedFromMemory is not a mono symbol file
- Loaded All Assemblies, in  0.995 seconds
Assembly with name 'EditorTests' already exists (Assets/Scripts/EditTests/EditorTests.asmdef)
Assembly with name 'EditorTests' already exists (Assets/Scripts/Tests/Tests.asmdef)
Assembly with name 'EditorTests' already exists (Assets/Scripts/Tests/EditorTests.asmdef)
Assembly with name 'EditorTests' already exists (Assets/Scripts/Tests/Tests.asmdef)
Refreshing native plugins compatible for Editor in 1.93 ms, found 4 plugins.
Native extension for WindowsStandalone target not found
Native extension for WebGL target not found
Assembly with name 'EditorTests' already exists (Assets/Scripts/EditTests/EditorTests.asmdef)
Assembly with name 'EditorTests' already exists (Assets/Scripts/Tests/Tests.asmdef)
Assembly with name 'EditorTests' already exists (Assets/Scripts/Tests/EditorTests.asmdef)
Assembly with name 'EditorTests' already exists (Assets/Scripts/Tests/Tests.asmdef)
[Package Manager] Failed to launch server process. Reason: Unity was launched with the -noUpm command-line argument
[Package Manager] Unable to send message (not connected to server process).
[Package Manager] Cannot connect to Unity Package Manager local server
ScheduleIndexationOnStartup MainProcess:False IndexOnStartup:True
Mono: successfully reloaded assembly
- Finished resetting the current domain, in  2.338 seconds
Domain Reload Profiling: 3335ms
	BeginReloadAssembly (282ms)
		ExecutionOrderSort (0ms)
		DisableScriptedObjects (15ms)
		BackupInstance (0ms)
		ReleaseScriptingObjects (0ms)
		CreateAndSetChildDomain (74ms)
	RebuildCommonClasses (52ms)
	RebuildNativeTypeToScriptingClass (19ms)
	initialDomainReloadingComplete (35ms)
	LoadAllAssembliesAndSetupDomain (609ms)
		LoadAssemblies (440ms)
		RebuildTransferFunctionScriptingTraits (0ms)
		AnalyzeDomain (281ms)
			TypeCache.Refresh (14ms)
				TypeCache.ScanAssembly (0ms)
			BuildScriptInfoCaches (245ms)
			ResolveRequiredComponents (14ms)
	FinalizeReload (2338ms)
		ReleaseScriptCaches (0ms)
		RebuildScriptCaches (0ms)
		SetupLoadedEditorAssemblies (2149ms)
			LogAssemblyErrors (0ms)
			InitializePlatformSupportModulesInManaged (3ms)
			SetLoadedEditorAssemblies (8ms)
			BeforeProcessingInitializeOnLoad (205ms)
			ProcessInitializeOnLoadAttributes (1827ms)
			ProcessInitializeOnLoadMethodAttributes (98ms)
			AfterProcessingInitializeOnLoad (8ms)
			EditorAssembliesLoaded (1ms)
		ExecutionOrderSort2 (0ms)
		AwakeInstancesAfterBackupRestoration (16ms)
Refreshing native plugins compatible for Editor in 1.66 ms, found 4 plugins.
Preloading 0 native plugins for Editor in 0.00 ms.
Unloading 16 Unused Serialized files (Serialized files now loaded: 0)
Unloading 7968 unused Assets / (5.2 MB). Loaded Objects now: 8876.
Memory consumption went from 166.2 MB to 161.0 MB.
Total: 14.272100 ms (FindLiveObjects: 1.166600 ms CreateObjectMapping: 0.473400 ms MarkObjects: 7.816100 ms  DeleteObjects: 4.814900 ms)

Prepare: number of updated asset objects reloaded= 0
========================================================================
Received Import Request.
  Time since last request: 194.449518 seconds.
  path: Assets/Scripts/PlayTest/SP_AttributeTest.cs
  artifactKey: Guid(94dc93ef56da5e24c8547e0839bfa6ee) Importer(2089858483,b0f066a214c2f5e87bad3c948f4d605d)
Start importing Assets/Scripts/PlayTest/SP_AttributeTest.cs using Guid(94dc93ef56da5e24c8547e0839bfa6ee) Importer(2089858483,b0f066a214c2f5e87bad3c948f4d605d) (ScriptedImporter) -> (artifact id: 'ff82038ea9856eaf39c404664e38f5ed') in 0.0675436 seconds
Number of updated asset objects reloaded before import = 0Number of asset objects unloaded after import = 0

========================================================================
Received Prepare
Refreshing native plugins compatible for Editor in 1.91 ms, found 4 plugins.
Preloading 0 native plugins for Editor in 0.00 ms.
Unloading 16 Unused Serialized files (Serialized files now loaded: 0)
Unloading 7958 unused Assets / (4.5 MB). Loaded Objects now: 8877.
Memory consumption went from 166.3 MB to 161.9 MB.
Total: 13.152200 ms (FindLiveObjects: 1.372600 ms CreateObjectMapping: 0.568200 ms MarkObjects: 8.222800 ms  DeleteObjects: 2.987400 ms)

Prepare: number of updated asset objects reloaded= 0
========================================================================
Received Import Request.
  Time since last request: 9.220031 seconds.
  path: Assets/Scripts/PlayTest/SP_Bot_AttributeTest.cs
  artifactKey: Guid(01b04097cbc14a745a0d595f1bc272bf) Importer(2089858483,b0f066a214c2f5e87bad3c948f4d605d)
Start importing Assets/Scripts/PlayTest/SP_Bot_AttributeTest.cs using Guid(01b04097cbc14a745a0d595f1bc272bf) Importer(2089858483,b0f066a214c2f5e87bad3c948f4d605d) (ScriptedImporter) -> (artifact id: '4878d54cdc791fa56c8581e62a515b5e') in 0.0045514 seconds
Number of updated asset objects reloaded before import = 0Number of asset objects unloaded after import = 0

========================================================================
Received Prepare
Refreshing native plugins compatible for Editor in 1.82 ms, found 4 plugins.
Preloading 0 native plugins for Editor in 0.00 ms.
Unloading 16 Unused Serialized files (Serialized files now loaded: 0)
Unloading 7958 unused Assets / (5.0 MB). Loaded Objects now: 8877.
Memory consumption went from 166.3 MB to 161.3 MB.
Total: 15.189900 ms (FindLiveObjects: 1.380400 ms CreateObjectMapping: 0.548700 ms MarkObjects: 9.340200 ms  DeleteObjects: 3.918900 ms)

Prepare: number of updated asset objects reloaded= 0
========================================================================
Received Import Request.
  Time since last request: 58.955204 seconds.
  path: Assets/Scripts/PlayTest/SP_Bot_AttributeTest.cs
  artifactKey: Guid(01b04097cbc14a745a0d595f1bc272bf) Importer(2089858483,b0f066a214c2f5e87bad3c948f4d605d)
Start importing Assets/Scripts/PlayTest/SP_Bot_AttributeTest.cs using Guid(01b04097cbc14a745a0d595f1bc272bf) Importer(2089858483,b0f066a214c2f5e87bad3c948f4d605d) (ScriptedImporter) -> (artifact id: '99f191e73820d5929cccf081955bd2e4') in 0.0057642 seconds
Number of updated asset objects reloaded before import = 0Number of asset objects unloaded after import = 0

========================================================================
Received Prepare
Refreshing native plugins compatible for Editor in 2.01 ms, found 4 plugins.
Preloading 0 native plugins for Editor in 0.00 ms.
Unloading 16 Unused Serialized files (Serialized files now loaded: 0)
Unloading 7958 unused Assets / (4.6 MB). Loaded Objects now: 8877.
Memory consumption went from 166.3 MB to 161.7 MB.
Total: 17.726500 ms (FindLiveObjects: 1.723500 ms CreateObjectMapping: 1.129300 ms MarkObjects: 9.774900 ms  DeleteObjects: 5.097400 ms)

Prepare: number of updated asset objects reloaded= 0
========================================================================
Received Import Request.
  Time since last request: 17.307188 seconds.
  path: Assets/Scripts/PlayTest/SP_Bot_AttributeTest.cs
  artifactKey: Guid(01b04097cbc14a745a0d595f1bc272bf) Importer(2089858483,b0f066a214c2f5e87bad3c948f4d605d)
Start importing Assets/Scripts/PlayTest/SP_Bot_AttributeTest.cs using Guid(01b04097cbc14a745a0d595f1bc272bf) Importer(2089858483,b0f066a214c2f5e87bad3c948f4d605d) (ScriptedImporter) -> (artifact id: '2932f5e68d17d3567f40e1f219169997') in 0.0047123 seconds
Number of updated asset objects reloaded before import = 0Number of asset objects unloaded after import = 0

========================================================================
Received Prepare
Refreshing native plugins compatible for Editor in 2.56 ms, found 4 plugins.
Preloading 0 native plugins for Editor in 0.00 ms.
Unloading 16 Unused Serialized files (Serialized files now loaded: 0)
Unloading 7958 unused Assets / (4.8 MB). Loaded Objects now: 8877.
Memory consumption went from 166.4 MB to 161.5 MB.
Total: 16.368100 ms (FindLiveObjects: 1.763100 ms CreateObjectMapping: 0.639600 ms MarkObjects: 9.292700 ms  DeleteObjects: 4.671000 ms)

Prepare: number of updated asset objects reloaded= 0
========================================================================
Received Import Request.
  Time since last request: 68.034137 seconds.
  path: Assets/Scripts/PlayTest/SP_Bot_AttributeTest.cs
  artifactKey: Guid(01b04097cbc14a745a0d595f1bc272bf) Importer(2089858483,b0f066a214c2f5e87bad3c948f4d605d)
Start importing Assets/Scripts/PlayTest/SP_Bot_AttributeTest.cs using Guid(01b04097cbc14a745a0d595f1bc272bf) Importer(2089858483,b0f066a214c2f5e87bad3c948f4d605d) (ScriptedImporter) -> (artifact id: '9acfae0a43e5a306643ef07a13fe69fe') in 0.0240625 seconds
Number of updated asset objects reloaded before import = 0Number of asset objects unloaded after import = 0

========================================================================
Received Prepare
Refreshing native plugins compatible for Editor in 1.81 ms, found 4 plugins.
Preloading 0 native plugins for Editor in 0.00 ms.
Unloading 16 Unused Serialized files (Serialized files now loaded: 0)
Unloading 7958 unused Assets / (3.9 MB). Loaded Objects now: 8877.
Memory consumption went from 166.4 MB to 162.5 MB.
Total: 15.680600 ms (FindLiveObjects: 1.349700 ms CreateObjectMapping: 0.492800 ms MarkObjects: 10.100600 ms  DeleteObjects: 3.736000 ms)

Prepare: number of updated asset objects reloaded= 0
========================================================================
Received Import Request.
  Time since last request: 36.998559 seconds.
  path: Assets/Scripts/PlayTest/SP_Bot_AttributeTest.cs
  artifactKey: Guid(01b04097cbc14a745a0d595f1bc272bf) Importer(2089858483,b0f066a214c2f5e87bad3c948f4d605d)
Start importing Assets/Scripts/PlayTest/SP_Bot_AttributeTest.cs using Guid(01b04097cbc14a745a0d595f1bc272bf) Importer(2089858483,b0f066a214c2f5e87bad3c948f4d605d) (ScriptedImporter) -> (artifact id: 'bbe09ed036f743edb1b17752d7b11e67') in 0.0449094 seconds
Number of updated asset objects reloaded before import = 0Number of asset objects unloaded after import = 0

========================================================================
Received Prepare
Refreshing native plugins compatible for Editor in 1.60 ms, found 4 plugins.
Preloading 0 native plugins for Editor in 0.00 ms.
Unloading 16 Unused Serialized files (Serialized files now loaded: 0)
Unloading 7958 unused Assets / (4.2 MB). Loaded Objects now: 8877.
Memory consumption went from 166.4 MB to 162.1 MB.
Total: 15.560800 ms (FindLiveObjects: 1.393900 ms CreateObjectMapping: 0.529100 ms MarkObjects: 9.855700 ms  DeleteObjects: 3.780700 ms)

Prepare: number of updated asset objects reloaded= 0
========================================================================
Received Import Request.
  Time since last request: 11.155665 seconds.
  path: Assets/Scripts/PlayTest/SP_Bot_AttributeTest.cs
  artifactKey: Guid(01b04097cbc14a745a0d595f1bc272bf) Importer(2089858483,b0f066a214c2f5e87bad3c948f4d605d)
Start importing Assets/Scripts/PlayTest/SP_Bot_AttributeTest.cs using Guid(01b04097cbc14a745a0d595f1bc272bf) Importer(2089858483,b0f066a214c2f5e87bad3c948f4d605d) (ScriptedImporter) -> (artifact id: '96e8fb8ba937de77be459e3e113aa651') in 0.0048137 seconds
Number of updated asset objects reloaded before import = 0Number of asset objects unloaded after import = 0

========================================================================
Received Prepare
Refreshing native plugins compatible for Editor in 2.00 ms, found 4 plugins.
Preloading 0 native plugins for Editor in 0.00 ms.
Unloading 16 Unused Serialized files (Serialized files now loaded: 0)
Unloading 7958 unused Assets / (4.3 MB). Loaded Objects now: 8877.
Memory consumption went from 166.4 MB to 162.0 MB.
Total: 15.258300 ms (FindLiveObjects: 1.416000 ms CreateObjectMapping: 0.589800 ms MarkObjects: 9.288600 ms  DeleteObjects: 3.962800 ms)

Prepare: number of updated asset objects reloaded= 0
========================================================================
Received Import Request.
  Time since last request: 29.342044 seconds.
  path: Assets/Scripts/PlayTest/SP_Bot_AttributeTest.cs
  artifactKey: Guid(01b04097cbc14a745a0d595f1bc272bf) Importer(2089858483,b0f066a214c2f5e87bad3c948f4d605d)
Start importing Assets/Scripts/PlayTest/SP_Bot_AttributeTest.cs using Guid(01b04097cbc14a745a0d595f1bc272bf) Importer(2089858483,b0f066a214c2f5e87bad3c948f4d605d) (ScriptedImporter) -> (artifact id: 'b6b535d3d295d16591105257c3e08b01') in 0.027731 seconds
Number of updated asset objects reloaded before import = 0Number of asset objects unloaded after import = 0

========================================================================
Received Prepare
Refreshing native plugins compatible for Editor in 1.55 ms, found 4 plugins.
Preloading 0 native plugins for Editor in 0.00 ms.
Unloading 16 Unused Serialized files (Serialized files now loaded: 0)
Unloading 7958 unused Assets / (5.0 MB). Loaded Objects now: 8877.
Memory consumption went from 166.4 MB to 161.3 MB.
Total: 14.108700 ms (FindLiveObjects: 1.143300 ms CreateObjectMapping: 0.445900 ms MarkObjects: 8.630500 ms  DeleteObjects: 3.887600 ms)

Prepare: number of updated asset objects reloaded= 0
========================================================================
Received Import Request.
  Time since last request: 35.171806 seconds.
  path: Assets/Scripts/PlayTest/SP_Bot_AttributeTest.cs
  artifactKey: Guid(01b04097cbc14a745a0d595f1bc272bf) Importer(2089858483,b0f066a214c2f5e87bad3c948f4d605d)
Start importing Assets/Scripts/PlayTest/SP_Bot_AttributeTest.cs using Guid(01b04097cbc14a745a0d595f1bc272bf) Importer(2089858483,b0f066a214c2f5e87bad3c948f4d605d) (ScriptedImporter) -> (artifact id: 'fdd9d4b24eb0d4a2dd209f01560bd4fe') in 0.0050112 seconds
Number of updated asset objects reloaded before import = 0Number of asset objects unloaded after import = 0

========================================================================
Received Prepare
Refreshing native plugins compatible for Editor in 1.56 ms, found 4 plugins.
Preloading 0 native plugins for Editor in 0.00 ms.
Unloading 16 Unused Serialized files (Serialized files now loaded: 0)
Unloading 7958 unused Assets / (4.3 MB). Loaded Objects now: 8877.
Memory consumption went from 166.4 MB to 162.0 MB.
Total: 14.997200 ms (FindLiveObjects: 1.423500 ms CreateObjectMapping: 0.589600 ms MarkObjects: 9.708900 ms  DeleteObjects: 3.273800 ms)

Prepare: number of updated asset objects reloaded= 0
========================================================================
Received Import Request.
  Time since last request: 81.903467 seconds.
  path: Assets/Scripts/PlayTest/SP_Bot_AttributeTest.cs
  artifactKey: Guid(01b04097cbc14a745a0d595f1bc272bf) Importer(2089858483,b0f066a214c2f5e87bad3c948f4d605d)
Start importing Assets/Scripts/PlayTest/SP_Bot_AttributeTest.cs using Guid(01b04097cbc14a745a0d595f1bc272bf) Importer(2089858483,b0f066a214c2f5e87bad3c948f4d605d) (ScriptedImporter) -> (artifact id: 'fa52500d19f03b121e75984a8902e392') in 0.0049117 seconds
Number of updated asset objects reloaded before import = 0Number of asset objects unloaded after import = 0

========================================================================
Received Prepare
Assembly with name 'EditorTests' already exists (Assets/Scripts/EditTests/EditorTests.asmdef)
Assembly with name 'EditorTests' already exists (Assets/Scripts/Tests/Tests.asmdef)
Assembly with name 'EditorTests' already exists (Assets/Scripts/Tests/EditorTests.asmdef)
Assembly with name 'EditorTests' already exists (Assets/Scripts/Tests/Tests.asmdef)
Assembly with name 'EditorTests' already exists (Assets/Scripts/EditTests/EditorTests.asmdef)
Assembly with name 'EditorTests' already exists (Assets/Scripts/Tests/Tests.asmdef)
Assembly with name 'EditorTests' already exists (Assets/Scripts/Tests/EditorTests.asmdef)
Assembly with name 'EditorTests' already exists (Assets/Scripts/Tests/Tests.asmdef)
Begin MonoManager ReloadAssembly
[Licensing::Client] Successfully resolved entitlement details
Symbol file LoadedFromMemory is not a mono symbol file
- Loaded All Assemblies, in  1.032 seconds
Assembly with name 'EditorTests' already exists (Assets/Scripts/EditTests/EditorTests.asmdef)
Assembly with name 'EditorTests' already exists (Assets/Scripts/Tests/Tests.asmdef)
Assembly with name 'EditorTests' already exists (Assets/Scripts/Tests/EditorTests.asmdef)
Assembly with name 'EditorTests' already exists (Assets/Scripts/Tests/Tests.asmdef)
Refreshing native plugins compatible for Editor in 1.52 ms, found 4 plugins.
Native extension for WindowsStandalone target not found
Native extension for WebGL target not found
Assembly with name 'EditorTests' already exists (Assets/Scripts/EditTests/EditorTests.asmdef)
Assembly with name 'EditorTests' already exists (Assets/Scripts/Tests/Tests.asmdef)
Assembly with name 'EditorTests' already exists (Assets/Scripts/Tests/EditorTests.asmdef)
Assembly with name 'EditorTests' already exists (Assets/Scripts/Tests/Tests.asmdef)
[Package Manager] Failed to launch server process. Reason: Unity was launched with the -noUpm command-line argument
[Package Manager] Unable to send message (not connected to server process).
[Package Manager] Cannot connect to Unity Package Manager local server
ScheduleIndexationOnStartup MainProcess:False IndexOnStartup:True
Mono: successfully reloaded assembly
- Finished resetting the current domain, in  1.050 seconds
Domain Reload Profiling: 2082ms
	BeginReloadAssembly (356ms)
		ExecutionOrderSort (0ms)
		DisableScriptedObjects (17ms)
		BackupInstance (0ms)
		ReleaseScriptingObjects (0ms)
		CreateAndSetChildDomain (80ms)
	RebuildCommonClasses (43ms)
	RebuildNativeTypeToScriptingClass (18ms)
	initialDomainReloadingComplete (33ms)
	LoadAllAssembliesAndSetupDomain (582ms)
		LoadAssemblies (417ms)
		RebuildTransferFunctionScriptingTraits (0ms)
		AnalyzeDomain (271ms)
			TypeCache.Refresh (16ms)
				TypeCache.ScanAssembly (0ms)
			BuildScriptInfoCaches (235ms)
			ResolveRequiredComponents (13ms)
	FinalizeReload (1050ms)
		ReleaseScriptCaches (0ms)
		RebuildScriptCaches (0ms)
		SetupLoadedEditorAssemblies (862ms)
			LogAssemblyErrors (0ms)
			InitializePlatformSupportModulesInManaged (3ms)
			SetLoadedEditorAssemblies (6ms)
			BeforeProcessingInitializeOnLoad (210ms)
			ProcessInitializeOnLoadAttributes (528ms)
			ProcessInitializeOnLoadMethodAttributes (107ms)
			AfterProcessingInitializeOnLoad (8ms)
			EditorAssembliesLoaded (1ms)
		ExecutionOrderSort2 (0ms)
		AwakeInstancesAfterBackupRestoration (17ms)
Refreshing native plugins compatible for Editor in 2.38 ms, found 4 plugins.
Preloading 0 native plugins for Editor in 0.00 ms.
Unloading 16 Unused Serialized files (Serialized files now loaded: 0)
Unloading 7969 unused Assets / (4.4 MB). Loaded Objects now: 8880.
Memory consumption went from 166.2 MB to 161.8 MB.
Total: 12.390100 ms (FindLiveObjects: 1.277300 ms CreateObjectMapping: 0.551300 ms MarkObjects: 7.765500 ms  DeleteObjects: 2.794800 ms)

Prepare: number of updated asset objects reloaded= 0
========================================================================
Received Prepare
Refreshing native plugins compatible for Editor in 1.69 ms, found 4 plugins.
Preloading 0 native plugins for Editor in 0.00 ms.
Unloading 16 Unused Serialized files (Serialized files now loaded: 0)
Unloading 7959 unused Assets / (4.3 MB). Loaded Objects now: 8881.
Memory consumption went from 166.4 MB to 162.1 MB.
Total: 53.490100 ms (FindLiveObjects: 1.550400 ms CreateObjectMapping: 0.597400 ms MarkObjects: 47.737300 ms  DeleteObjects: 3.603000 ms)

Prepare: number of updated asset objects reloaded= 0
========================================================================
Received Prepare
Refreshing native plugins compatible for Editor in 1.53 ms, found 4 plugins.
Preloading 0 native plugins for Editor in 0.00 ms.
Unloading 16 Unused Serialized files (Serialized files now loaded: 0)
Unloading 7959 unused Assets / (4.5 MB). Loaded Objects now: 8881.
Memory consumption went from 166.4 MB to 161.9 MB.
Total: 12.991700 ms (FindLiveObjects: 1.202100 ms CreateObjectMapping: 0.536900 ms MarkObjects: 7.554300 ms  DeleteObjects: 3.697100 ms)

Prepare: number of updated asset objects reloaded= 0
========================================================================
Received Import Request.
  Time since last request: 16173.970600 seconds.
  path: Assets/Scripts/PlayTest/MP_AttributesTest.cs
  artifactKey: Guid(2a0205a72cd7c8f4d9e984cbd8c2c8f8) Importer(2089858483,b0f066a214c2f5e87bad3c948f4d605d)
Start importing Assets/Scripts/PlayTest/MP_AttributesTest.cs using Guid(2a0205a72cd7c8f4d9e984cbd8c2c8f8) Importer(2089858483,b0f066a214c2f5e87bad3c948f4d605d) (ScriptedImporter) -> (artifact id: 'eae326c137d0661e7a7f1df853fc6496') in 0.1369422 seconds
Number of updated asset objects reloaded before import = 0Number of asset objects unloaded after import = 0

========================================================================
Received Prepare
Refreshing native plugins compatible for Editor in 1.63 ms, found 4 plugins.
Preloading 0 native plugins for Editor in 0.00 ms.
Unloading 16 Unused Serialized files (Serialized files now loaded: 0)
Unloading 7959 unused Assets / (5.1 MB). Loaded Objects now: 8881.
Memory consumption went from 166.4 MB to 161.3 MB.
Total: 17.862100 ms (FindLiveObjects: 1.403700 ms CreateObjectMapping: 0.494200 ms MarkObjects: 10.692300 ms  DeleteObjects: 5.269800 ms)

Prepare: number of updated asset objects reloaded= 0
========================================================================
Received Import Request.
  Time since last request: 40.582198 seconds.
  path: Assets/Scripts/PlayTest/MP_AttributesTest.cs
  artifactKey: Guid(2a0205a72cd7c8f4d9e984cbd8c2c8f8) Importer(2089858483,b0f066a214c2f5e87bad3c948f4d605d)
Start importing Assets/Scripts/PlayTest/MP_AttributesTest.cs using Guid(2a0205a72cd7c8f4d9e984cbd8c2c8f8) Importer(2089858483,b0f066a214c2f5e87bad3c948f4d605d) (ScriptedImporter) -> (artifact id: '5c8cfad4d783f9114a2689f1d49e63bd') in 0.0234257 seconds
Number of updated asset objects reloaded before import = 0Number of asset objects unloaded after import = 0

========================================================================
Received Prepare
Refreshing native plugins compatible for Editor in 1.73 ms, found 4 plugins.
Preloading 0 native plugins for Editor in 0.00 ms.
Unloading 16 Unused Serialized files (Serialized files now loaded: 0)
Unloading 7959 unused Assets / (4.3 MB). Loaded Objects now: 8881.
Memory consumption went from 166.4 MB to 162.1 MB.
Total: 15.631100 ms (FindLiveObjects: 1.377600 ms CreateObjectMapping: 0.593000 ms MarkObjects: 9.969300 ms  DeleteObjects: 3.689800 ms)

Prepare: number of updated asset objects reloaded= 0
========================================================================
Received Import Request.
  Time since last request: 5.136002 seconds.
  path: Assets/Scripts/PlayTest/MP_AttributesTest.cs
  artifactKey: Guid(2a0205a72cd7c8f4d9e984cbd8c2c8f8) Importer(2089858483,b0f066a214c2f5e87bad3c948f4d605d)
Start importing Assets/Scripts/PlayTest/MP_AttributesTest.cs using Guid(2a0205a72cd7c8f4d9e984cbd8c2c8f8) Importer(2089858483,b0f066a214c2f5e87bad3c948f4d605d) (ScriptedImporter) -> (artifact id: 'b5ecd516f4f08a2a83e78ff16a3ad32e') in 0.0167576 seconds
Number of updated asset objects reloaded before import = 0Number of asset objects unloaded after import = 0

========================================================================
Received Prepare
Refreshing native plugins compatible for Editor in 1.77 ms, found 4 plugins.
Preloading 0 native plugins for Editor in 0.00 ms.
Unloading 16 Unused Serialized files (Serialized files now loaded: 0)
Unloading 7959 unused Assets / (5.2 MB). Loaded Objects now: 8881.
Memory consumption went from 166.4 MB to 161.2 MB.
Total: 14.779500 ms (FindLiveObjects: 1.602300 ms CreateObjectMapping: 0.836900 ms MarkObjects: 8.076900 ms  DeleteObjects: 4.262200 ms)

Prepare: number of updated asset objects reloaded= 0
========================================================================
Received Import Request.
  Time since last request: 4.908226 seconds.
  path: Assets/Scripts/PlayTest/MP_AttributesTest.cs
  artifactKey: Guid(2a0205a72cd7c8f4d9e984cbd8c2c8f8) Importer(2089858483,b0f066a214c2f5e87bad3c948f4d605d)
Start importing Assets/Scripts/PlayTest/MP_AttributesTest.cs using Guid(2a0205a72cd7c8f4d9e984cbd8c2c8f8) Importer(2089858483,b0f066a214c2f5e87bad3c948f4d605d) (ScriptedImporter) -> (artifact id: '74d9e8387e44654e8c937fd90a7b549e') in 0.0375055 seconds
Number of updated asset objects reloaded before import = 0Number of asset objects unloaded after import = 0

========================================================================
Received Prepare
Refreshing native plugins compatible for Editor in 2.65 ms, found 4 plugins.
Preloading 0 native plugins for Editor in 0.00 ms.
Unloading 16 Unused Serialized files (Serialized files now loaded: 0)
Unloading 7959 unused Assets / (5.2 MB). Loaded Objects now: 8881.
Memory consumption went from 166.4 MB to 161.2 MB.
Total: 17.647500 ms (FindLiveObjects: 1.790300 ms CreateObjectMapping: 0.894100 ms MarkObjects: 10.469600 ms  DeleteObjects: 4.491000 ms)

Prepare: number of updated asset objects reloaded= 0
========================================================================
Received Import Request.
  Time since last request: 8.075954 seconds.
  path: Assets/Scripts/PlayTest/MP_AttributesTest.cs
  artifactKey: Guid(2a0205a72cd7c8f4d9e984cbd8c2c8f8) Importer(2089858483,b0f066a214c2f5e87bad3c948f4d605d)
Start importing Assets/Scripts/PlayTest/MP_AttributesTest.cs using Guid(2a0205a72cd7c8f4d9e984cbd8c2c8f8) Importer(2089858483,b0f066a214c2f5e87bad3c948f4d605d) (ScriptedImporter) -> (artifact id: 'bea4b4b74e28f8e7b3f80a0da6930244') in 0.0251804 seconds
Number of updated asset objects reloaded before import = 0Number of asset objects unloaded after import = 0

========================================================================
Received Prepare
Refreshing native plugins compatible for Editor in 1.62 ms, found 4 plugins.
Preloading 0 native plugins for Editor in 0.00 ms.
Unloading 16 Unused Serialized files (Serialized files now loaded: 0)
Unloading 7959 unused Assets / (5.0 MB). Loaded Objects now: 8881.
Memory consumption went from 166.4 MB to 161.4 MB.
Total: 15.799100 ms (FindLiveObjects: 1.464600 ms CreateObjectMapping: 0.648900 ms MarkObjects: 9.589900 ms  DeleteObjects: 4.094200 ms)

Prepare: number of updated asset objects reloaded= 0
========================================================================
Received Import Request.
  Time since last request: 72.139539 seconds.
  path: Assets/Scripts/PlayTest/MP_AttributesTest.cs
  artifactKey: Guid(2a0205a72cd7c8f4d9e984cbd8c2c8f8) Importer(2089858483,b0f066a214c2f5e87bad3c948f4d605d)
Start importing Assets/Scripts/PlayTest/MP_AttributesTest.cs using Guid(2a0205a72cd7c8f4d9e984cbd8c2c8f8) Importer(2089858483,b0f066a214c2f5e87bad3c948f4d605d) (ScriptedImporter) -> (artifact id: '1204727779a9d5797a452086b1e6bb8b') in 0.0052138 seconds
Number of updated asset objects reloaded before import = 0Number of asset objects unloaded after import = 0

========================================================================
Received Prepare
Refreshing native plugins compatible for Editor in 2.14 ms, found 4 plugins.
Preloading 0 native plugins for Editor in 0.00 ms.
Unloading 16 Unused Serialized files (Serialized files now loaded: 0)
Unloading 7959 unused Assets / (4.7 MB). Loaded Objects now: 8881.
Memory consumption went from 166.4 MB to 161.7 MB.
Total: 15.302100 ms (FindLiveObjects: 1.420900 ms CreateObjectMapping: 0.652200 ms MarkObjects: 8.539300 ms  DeleteObjects: 4.688000 ms)

Prepare: number of updated asset objects reloaded= 0
========================================================================
Received Import Request.
  Time since last request: 169.765259 seconds.
  path: Assets/Scripts/PlayTest/MP_AttributesTest.cs
  artifactKey: Guid(2a0205a72cd7c8f4d9e984cbd8c2c8f8) Importer(2089858483,b0f066a214c2f5e87bad3c948f4d605d)
Start importing Assets/Scripts/PlayTest/MP_AttributesTest.cs using Guid(2a0205a72cd7c8f4d9e984cbd8c2c8f8) Importer(2089858483,b0f066a214c2f5e87bad3c948f4d605d) (ScriptedImporter) -> (artifact id: 'a2cff7489961a82eed178ea07752a3a1') in 0.0059103 seconds
Number of updated asset objects reloaded before import = 0Number of asset objects unloaded after import = 0

========================================================================
Received Prepare
Refreshing native plugins compatible for Editor in 2.74 ms, found 4 plugins.
Preloading 0 native plugins for Editor in 0.00 ms.
Unloading 16 Unused Serialized files (Serialized files now loaded: 0)
Unloading 7959 unused Assets / (5.3 MB). Loaded Objects now: 8881.
Memory consumption went from 166.4 MB to 161.1 MB.
Total: 16.806000 ms (FindLiveObjects: 1.673800 ms CreateObjectMapping: 0.906600 ms MarkObjects: 9.929800 ms  DeleteObjects: 4.293800 ms)

Prepare: number of updated asset objects reloaded= 0
========================================================================
Received Import Request.
  Time since last request: 5.409989 seconds.
  path: Assets/Scripts/PlayTest/MP_AttributesTest.cs
  artifactKey: Guid(2a0205a72cd7c8f4d9e984cbd8c2c8f8) Importer(2089858483,b0f066a214c2f5e87bad3c948f4d605d)
Start importing Assets/Scripts/PlayTest/MP_AttributesTest.cs using Guid(2a0205a72cd7c8f4d9e984cbd8c2c8f8) Importer(2089858483,b0f066a214c2f5e87bad3c948f4d605d) (ScriptedImporter) -> (artifact id: 'c27c147066c58e3f5e00a4bda5e8e327') in 0.0047949 seconds
Number of updated asset objects reloaded before import = 0Number of asset objects unloaded after import = 0

========================================================================
Received Prepare
Refreshing native plugins compatible for Editor in 2.10 ms, found 4 plugins.
Preloading 0 native plugins for Editor in 0.00 ms.
Unloading 16 Unused Serialized files (Serialized files now loaded: 0)
Unloading 7959 unused Assets / (5.0 MB). Loaded Objects now: 8881.
Memory consumption went from 166.4 MB to 161.4 MB.
Total: 16.743400 ms (FindLiveObjects: 1.484500 ms CreateObjectMapping: 0.583100 ms MarkObjects: 9.582200 ms  DeleteObjects: 5.091700 ms)

Prepare: number of updated asset objects reloaded= 0
========================================================================
Received Import Request.
  Time since last request: 100.631673 seconds.
  path: Assets/Scripts/PlayTest/MP_AttributesTest.cs
  artifactKey: Guid(2a0205a72cd7c8f4d9e984cbd8c2c8f8) Importer(2089858483,b0f066a214c2f5e87bad3c948f4d605d)
Start importing Assets/Scripts/PlayTest/MP_AttributesTest.cs using Guid(2a0205a72cd7c8f4d9e984cbd8c2c8f8) Importer(2089858483,b0f066a214c2f5e87bad3c948f4d605d) (ScriptedImporter) -> (artifact id: 'a29a7ac1620fa152b17b58bd9cd1d7ac') in 0.0080923 seconds
Number of updated asset objects reloaded before import = 0Number of asset objects unloaded after import = 0

========================================================================
Received Prepare
Refreshing native plugins compatible for Editor in 2.00 ms, found 4 plugins.
Preloading 0 native plugins for Editor in 0.00 ms.
Unloading 16 Unused Serialized files (Serialized files now loaded: 0)
Unloading 7959 unused Assets / (5.1 MB). Loaded Objects now: 8881.
Memory consumption went from 166.4 MB to 161.3 MB.
Total: 15.389000 ms (FindLiveObjects: 1.582000 ms CreateObjectMapping: 0.720900 ms MarkObjects: 8.800500 ms  DeleteObjects: 4.284500 ms)

Prepare: number of updated asset objects reloaded= 0
========================================================================
Received Import Request.
  Time since last request: 42.783366 seconds.
  path: Assets/Scripts/PlayTest/MP_AttributesTest.cs
  artifactKey: Guid(2a0205a72cd7c8f4d9e984cbd8c2c8f8) Importer(2089858483,b0f066a214c2f5e87bad3c948f4d605d)
Start importing Assets/Scripts/PlayTest/MP_AttributesTest.cs using Guid(2a0205a72cd7c8f4d9e984cbd8c2c8f8) Importer(2089858483,b0f066a214c2f5e87bad3c948f4d605d) (ScriptedImporter) -> (artifact id: '9dfaa25644610c49655960a5284048a3') in 0.0265799 seconds
Number of updated asset objects reloaded before import = 0Number of asset objects unloaded after import = 0

========================================================================
Received Prepare
Assembly with name 'EditorTests' already exists (Assets/Scripts/EditTests/EditorTests.asmdef)
Assembly with name 'EditorTests' already exists (Assets/Scripts/Tests/Tests.asmdef)
Assembly with name 'EditorTests' already exists (Assets/Scripts/Tests/EditorTests.asmdef)
Assembly with name 'EditorTests' already exists (Assets/Scripts/Tests/Tests.asmdef)
Assembly with name 'EditorTests' already exists (Assets/Scripts/EditTests/EditorTests.asmdef)
Assembly with name 'EditorTests' already exists (Assets/Scripts/Tests/Tests.asmdef)
Assembly with name 'EditorTests' already exists (Assets/Scripts/Tests/EditorTests.asmdef)
Assembly with name 'EditorTests' already exists (Assets/Scripts/Tests/Tests.asmdef)
Begin MonoManager ReloadAssembly
[Licensing::Client] Successfully resolved entitlement details
Symbol file LoadedFromMemory is not a mono symbol file
- Loaded All Assemblies, in  3.301 seconds
Assembly with name 'EditorTests' already exists (Assets/Scripts/EditTests/EditorTests.asmdef)
Assembly with name 'EditorTests' already exists (Assets/Scripts/Tests/Tests.asmdef)
Assembly with name 'EditorTests' already exists (Assets/Scripts/Tests/EditorTests.asmdef)
Assembly with name 'EditorTests' already exists (Assets/Scripts/Tests/Tests.asmdef)
Refreshing native plugins compatible for Editor in 1.60 ms, found 4 plugins.
Native extension for WindowsStandalone target not found
Native extension for WebGL target not found
Assembly with name 'EditorTests' already exists (Assets/Scripts/EditTests/EditorTests.asmdef)
Assembly with name 'EditorTests' already exists (Assets/Scripts/Tests/Tests.asmdef)
Assembly with name 'EditorTests' already exists (Assets/Scripts/Tests/EditorTests.asmdef)
Assembly with name 'EditorTests' already exists (Assets/Scripts/Tests/Tests.asmdef)
[Package Manager] Failed to launch server process. Reason: Unity was launched with the -noUpm command-line argument
[Package Manager] Unable to send message (not connected to server process).
[Package Manager] Cannot connect to Unity Package Manager local server
ScheduleIndexationOnStartup MainProcess:False IndexOnStartup:True
Mono: successfully reloaded assembly
- Finished resetting the current domain, in  1.376 seconds
Domain Reload Profiling: 4679ms
	BeginReloadAssembly (630ms)
		ExecutionOrderSort (0ms)
		DisableScriptedObjects (22ms)
		BackupInstance (0ms)
		ReleaseScriptingObjects (0ms)
		CreateAndSetChildDomain (260ms)
	RebuildCommonClasses (48ms)
	RebuildNativeTypeToScriptingClass (17ms)
	initialDomainReloadingComplete (45ms)
	LoadAllAssembliesAndSetupDomain (2563ms)
		LoadAssemblies (2401ms)
		RebuildTransferFunctionScriptingTraits (0ms)
		AnalyzeDomain (332ms)
			TypeCache.Refresh (26ms)
				TypeCache.ScanAssembly (0ms)
			BuildScriptInfoCaches (287ms)
			ResolveRequiredComponents (12ms)
	FinalizeReload (1376ms)
		ReleaseScriptCaches (0ms)
		RebuildScriptCaches (0ms)
		SetupLoadedEditorAssemblies (1126ms)
			LogAssemblyErrors (0ms)
			InitializePlatformSupportModulesInManaged (3ms)
			SetLoadedEditorAssemblies (7ms)
			BeforeProcessingInitializeOnLoad (220ms)
			ProcessInitializeOnLoadAttributes (784ms)
			ProcessInitializeOnLoadMethodAttributes (103ms)
			AfterProcessingInitializeOnLoad (9ms)
			EditorAssembliesLoaded (1ms)
		ExecutionOrderSort2 (0ms)
		AwakeInstancesAfterBackupRestoration (16ms)
Refreshing native plugins compatible for Editor in 1.56 ms, found 4 plugins.
Preloading 0 native plugins for Editor in 0.00 ms.
Unloading 16 Unused Serialized files (Serialized files now loaded: 0)
Unloading 7970 unused Assets / (4.7 MB). Loaded Objects now: 8884.
Memory consumption went from 166.3 MB to 161.6 MB.
Total: 14.106900 ms (FindLiveObjects: 1.256900 ms CreateObjectMapping: 0.510100 ms MarkObjects: 8.676400 ms  DeleteObjects: 3.661700 ms)

Prepare: number of updated asset objects reloaded= 0
========================================================================
Received Prepare
Refreshing native plugins compatible for Editor in 1.70 ms, found 4 plugins.
Preloading 0 native plugins for Editor in 0.00 ms.
Unloading 16 Unused Serialized files (Serialized files now loaded: 0)
Unloading 7959 unused Assets / (5.7 MB). Loaded Objects now: 8884.
Memory consumption went from 166.4 MB to 160.7 MB.
Total: 15.520900 ms (FindLiveObjects: 1.766900 ms CreateObjectMapping: 0.690700 ms MarkObjects: 7.986600 ms  DeleteObjects: 5.075300 ms)

Prepare: number of updated asset objects reloaded= 0
========================================================================
Received Prepare
Assembly with name 'EditorTests' already exists (Assets/Scripts/EditTests/EditorTests.asmdef)
Assembly with name 'EditorTests' already exists (Assets/Scripts/Tests/Tests.asmdef)
Assembly with name 'EditorTests' already exists (Assets/Scripts/Tests/EditorTests.asmdef)
Assembly with name 'EditorTests' already exists (Assets/Scripts/Tests/Tests.asmdef)
Assembly with name 'EditorTests' already exists (Assets/Scripts/EditTests/EditorTests.asmdef)
Assembly with name 'EditorTests' already exists (Assets/Scripts/Tests/Tests.asmdef)
Assembly with name 'EditorTests' already exists (Assets/Scripts/Tests/EditorTests.asmdef)
Assembly with name 'EditorTests' already exists (Assets/Scripts/Tests/Tests.asmdef)
Begin MonoManager ReloadAssembly
Symbol file LoadedFromMemory is not a mono symbol file
- Loaded All Assemblies, in  1.206 seconds
Assembly with name 'EditorTests' already exists (Assets/Scripts/EditTests/EditorTests.asmdef)
Assembly with name 'EditorTests' already exists (Assets/Scripts/Tests/Tests.asmdef)
Assembly with name 'EditorTests' already exists (Assets/Scripts/Tests/EditorTests.asmdef)
Assembly with name 'EditorTests' already exists (Assets/Scripts/Tests/Tests.asmdef)
Refreshing native plugins compatible for Editor in 1.45 ms, found 4 plugins.
Native extension for WindowsStandalone target not found
Native extension for WebGL target not found
Assembly with name 'EditorTests' already exists (Assets/Scripts/EditTests/EditorTests.asmdef)
Assembly with name 'EditorTests' already exists (Assets/Scripts/Tests/Tests.asmdef)
Assembly with name 'EditorTests' already exists (Assets/Scripts/Tests/EditorTests.asmdef)
Assembly with name 'EditorTests' already exists (Assets/Scripts/Tests/Tests.asmdef)
[Package Manager] Failed to launch server process. Reason: Unity was launched with the -noUpm command-line argument
[Package Manager] Unable to send message (not connected to server process).
[Package Manager] Cannot connect to Unity Package Manager local server
ScheduleIndexationOnStartup MainProcess:False IndexOnStartup:True
Mono: successfully reloaded assembly
- Finished resetting the current domain, in  1.367 seconds
Domain Reload Profiling: 2576ms
	BeginReloadAssembly (458ms)
		ExecutionOrderSort (0ms)
		DisableScriptedObjects (18ms)
		BackupInstance (0ms)
		ReleaseScriptingObjects (0ms)
		CreateAndSetChildDomain (62ms)
	RebuildCommonClasses (46ms)
	RebuildNativeTypeToScriptingClass (17ms)
	initialDomainReloadingComplete (37ms)
	LoadAllAssembliesAndSetupDomain (649ms)
		LoadAssemblies (502ms)
		RebuildTransferFunctionScriptingTraits (0ms)
		AnalyzeDomain (325ms)
			TypeCache.Refresh (17ms)
				TypeCache.ScanAssembly (1ms)
			BuildScriptInfoCaches (290ms)
			ResolveRequiredComponents (12ms)
	FinalizeReload (1368ms)
		ReleaseScriptCaches (0ms)
		RebuildScriptCaches (0ms)
		SetupLoadedEditorAssemblies (1152ms)
			LogAssemblyErrors (0ms)
			InitializePlatformSupportModulesInManaged (3ms)
			SetLoadedEditorAssemblies (7ms)
			BeforeProcessingInitializeOnLoad (217ms)
			ProcessInitializeOnLoadAttributes (816ms)
			ProcessInitializeOnLoadMethodAttributes (100ms)
			AfterProcessingInitializeOnLoad (8ms)
			EditorAssembliesLoaded (1ms)
		ExecutionOrderSort2 (0ms)
		AwakeInstancesAfterBackupRestoration (19ms)
Refreshing native plugins compatible for Editor in 1.56 ms, found 4 plugins.
Preloading 0 native plugins for Editor in 0.00 ms.
Unloading 16 Unused Serialized files (Serialized files now loaded: 0)
Unloading 7970 unused Assets / (4.7 MB). Loaded Objects now: 8887.
Memory consumption went from 166.3 MB to 161.6 MB.
Total: 15.102600 ms (FindLiveObjects: 1.160600 ms CreateObjectMapping: 0.443900 ms MarkObjects: 9.970800 ms  DeleteObjects: 3.525900 ms)

Prepare: number of updated asset objects reloaded= 0
========================================================================
Received Prepare
Assembly with name 'EditorTests' already exists (Assets/Scripts/EditTests/EditorTests.asmdef)
Assembly with name 'EditorTests' already exists (Assets/Scripts/Tests/Tests.asmdef)
Assembly with name 'EditorTests' already exists (Assets/Scripts/Tests/EditorTests.asmdef)
Assembly with name 'EditorTests' already exists (Assets/Scripts/Tests/Tests.asmdef)
Assembly with name 'EditorTests' already exists (Assets/Scripts/EditTests/EditorTests.asmdef)
Assembly with name 'EditorTests' already exists (Assets/Scripts/Tests/Tests.asmdef)
Assembly with name 'EditorTests' already exists (Assets/Scripts/Tests/EditorTests.asmdef)
Assembly with name 'EditorTests' already exists (Assets/Scripts/Tests/Tests.asmdef)
Begin MonoManager ReloadAssembly
Symbol file LoadedFromMemory is not a mono symbol file
- Loaded All Assemblies, in  0.979 seconds
Assembly with name 'EditorTests' already exists (Assets/Scripts/EditTests/EditorTests.asmdef)
Assembly with name 'EditorTests' already exists (Assets/Scripts/Tests/Tests.asmdef)
Assembly with name 'EditorTests' already exists (Assets/Scripts/Tests/EditorTests.asmdef)
Assembly with name 'EditorTests' already exists (Assets/Scripts/Tests/Tests.asmdef)
Refreshing native plugins compatible for Editor in 1.52 ms, found 4 plugins.
Native extension for WindowsStandalone target not found
Native extension for WebGL target not found
Assembly with name 'EditorTests' already exists (Assets/Scripts/EditTests/EditorTests.asmdef)
Assembly with name 'EditorTests' already exists (Assets/Scripts/Tests/Tests.asmdef)
Assembly with name 'EditorTests' already exists (Assets/Scripts/Tests/EditorTests.asmdef)
Assembly with name 'EditorTests' already exists (Assets/Scripts/Tests/Tests.asmdef)
[Package Manager] Failed to launch server process. Reason: Unity was launched with the -noUpm command-line argument
[Package Manager] Unable to send message (not connected to server process).
[Package Manager] Cannot connect to Unity Package Manager local server
ScheduleIndexationOnStartup MainProcess:False IndexOnStartup:True
Mono: successfully reloaded assembly
- Finished resetting the current domain, in  1.149 seconds
Domain Reload Profiling: 2130ms
	BeginReloadAssembly (283ms)
		ExecutionOrderSort (0ms)
		DisableScriptedObjects (14ms)
		BackupInstance (0ms)
		ReleaseScriptingObjects (0ms)
		CreateAndSetChildDomain (65ms)
	RebuildCommonClasses (44ms)
	RebuildNativeTypeToScriptingClass (24ms)
	initialDomainReloadingComplete (33ms)
	LoadAllAssembliesAndSetupDomain (597ms)
		LoadAssemblies (418ms)
		RebuildTransferFunctionScriptingTraits (0ms)
		AnalyzeDomain (288ms)
			TypeCache.Refresh (10ms)
				TypeCache.ScanAssembly (0ms)
			BuildScriptInfoCaches (260ms)
			ResolveRequiredComponents (12ms)
	FinalizeReload (1149ms)
		ReleaseScriptCaches (0ms)
		RebuildScriptCaches (0ms)
		SetupLoadedEditorAssemblies (953ms)
			LogAssemblyErrors (0ms)
			InitializePlatformSupportModulesInManaged (2ms)
			SetLoadedEditorAssemblies (5ms)
			BeforeProcessingInitializeOnLoad (205ms)
			ProcessInitializeOnLoadAttributes (629ms)
			ProcessInitializeOnLoadMethodAttributes (101ms)
			AfterProcessingInitializeOnLoad (10ms)
			EditorAssembliesLoaded (1ms)
		ExecutionOrderSort2 (0ms)
		AwakeInstancesAfterBackupRestoration (19ms)
Refreshing native plugins compatible for Editor in 2.52 ms, found 4 plugins.
Preloading 0 native plugins for Editor in 0.00 ms.
Unloading 16 Unused Serialized files (Serialized files now loaded: 0)
Unloading 7970 unused Assets / (4.4 MB). Loaded Objects now: 8890.
Memory consumption went from 166.4 MB to 161.9 MB.
Total: 12.543300 ms (FindLiveObjects: 1.159200 ms CreateObjectMapping: 0.429900 ms MarkObjects: 7.701600 ms  DeleteObjects: 3.251400 ms)

Prepare: number of updated asset objects reloaded= 0
========================================================================
Received Prepare
Refreshing native plugins compatible for Editor in 1.80 ms, found 4 plugins.
Preloading 0 native plugins for Editor in 0.00 ms.
Unloading 16 Unused Serialized files (Serialized files now loaded: 0)
Unloading 7959 unused Assets / (5.2 MB). Loaded Objects now: 8890.
Memory consumption went from 166.5 MB to 161.3 MB.
Total: 16.433400 ms (FindLiveObjects: 1.600300 ms CreateObjectMapping: 0.705400 ms MarkObjects: 9.527400 ms  DeleteObjects: 4.598500 ms)

Prepare: number of updated asset objects reloaded= 0
========================================================================
Received Prepare
Assembly with name 'EditorTests' already exists (Assets/Scripts/EditTests/EditorTests.asmdef)
Assembly with name 'EditorTests' already exists (Assets/Scripts/Tests/Tests.asmdef)
Assembly with name 'EditorTests' already exists (Assets/Scripts/Tests/EditorTests.asmdef)
Assembly with name 'EditorTests' already exists (Assets/Scripts/Tests/Tests.asmdef)
Assembly with name 'EditorTests' already exists (Assets/Scripts/EditTests/EditorTests.asmdef)
Assembly with name 'EditorTests' already exists (Assets/Scripts/Tests/Tests.asmdef)
Assembly with name 'EditorTests' already exists (Assets/Scripts/Tests/EditorTests.asmdef)
Assembly with name 'EditorTests' already exists (Assets/Scripts/Tests/Tests.asmdef)
Begin MonoManager ReloadAssembly
[Licensing::Client] Successfully resolved entitlement details
Symbol file LoadedFromMemory is not a mono symbol file
- Loaded All Assemblies, in  1.129 seconds
Assembly with name 'EditorTests' already exists (Assets/Scripts/EditTests/EditorTests.asmdef)
Assembly with name 'EditorTests' already exists (Assets/Scripts/Tests/Tests.asmdef)
Assembly with name 'EditorTests' already exists (Assets/Scripts/Tests/EditorTests.asmdef)
Assembly with name 'EditorTests' already exists (Assets/Scripts/Tests/Tests.asmdef)
Refreshing native plugins compatible for Editor in 1.82 ms, found 4 plugins.
Native extension for WindowsStandalone target not found
Native extension for WebGL target not found
Assembly with name 'EditorTests' already exists (Assets/Scripts/EditTests/EditorTests.asmdef)
Assembly with name 'EditorTests' already exists (Assets/Scripts/Tests/Tests.asmdef)
Assembly with name 'EditorTests' already exists (Assets/Scripts/Tests/EditorTests.asmdef)
Assembly with name 'EditorTests' already exists (Assets/Scripts/Tests/Tests.asmdef)
[Package Manager] Failed to launch server process. Reason: Unity was launched with the -noUpm command-line argument
[Package Manager] Unable to send message (not connected to server process).
[Package Manager] Cannot connect to Unity Package Manager local server
ScheduleIndexationOnStartup MainProcess:False IndexOnStartup:True
Mono: successfully reloaded assembly
- Finished resetting the current domain, in  1.223 seconds
Domain Reload Profiling: 2355ms
	BeginReloadAssembly (307ms)
		ExecutionOrderSort (0ms)
		DisableScriptedObjects (19ms)
		BackupInstance (0ms)
		ReleaseScriptingObjects (0ms)
		CreateAndSetChildDomain (78ms)
	RebuildCommonClasses (47ms)
	RebuildNativeTypeToScriptingClass (17ms)
	initialDomainReloadingComplete (38ms)
	LoadAllAssembliesAndSetupDomain (722ms)
		LoadAssemblies (496ms)
		RebuildTransferFunctionScriptingTraits (0ms)
		AnalyzeDomain (346ms)
			TypeCache.Refresh (18ms)
				TypeCache.ScanAssembly (1ms)
			BuildScriptInfoCaches (308ms)
			ResolveRequiredComponents (13ms)
	FinalizeReload (1224ms)
		ReleaseScriptCaches (0ms)
		RebuildScriptCaches (0ms)
		SetupLoadedEditorAssemblies (1032ms)
			LogAssemblyErrors (0ms)
			InitializePlatformSupportModulesInManaged (2ms)
			SetLoadedEditorAssemblies (6ms)
			BeforeProcessingInitializeOnLoad (208ms)
			ProcessInitializeOnLoadAttributes (702ms)
			ProcessInitializeOnLoadMethodAttributes (103ms)
			AfterProcessingInitializeOnLoad (10ms)
			EditorAssembliesLoaded (1ms)
		ExecutionOrderSort2 (0ms)
		AwakeInstancesAfterBackupRestoration (18ms)
Refreshing native plugins compatible for Editor in 1.92 ms, found 4 plugins.
Preloading 0 native plugins for Editor in 0.00 ms.
Unloading 16 Unused Serialized files (Serialized files now loaded: 0)
Unloading 7970 unused Assets / (4.6 MB). Loaded Objects now: 8893.
Memory consumption went from 166.4 MB to 161.8 MB.
Total: 14.690700 ms (FindLiveObjects: 1.488000 ms CreateObjectMapping: 0.493200 ms MarkObjects: 8.586600 ms  DeleteObjects: 4.121500 ms)

Prepare: number of updated asset objects reloaded= 0
========================================================================
Received Prepare
Refreshing native plugins compatible for Editor in 2.23 ms, found 4 plugins.
Preloading 0 native plugins for Editor in 0.00 ms.
Unloading 16 Unused Serialized files (Serialized files now loaded: 0)
Unloading 7959 unused Assets / (4.6 MB). Loaded Objects now: 8893.
Memory consumption went from 166.5 MB to 161.9 MB.
Total: 20.307000 ms (FindLiveObjects: 1.715300 ms CreateObjectMapping: 0.862900 ms MarkObjects: 12.074200 ms  DeleteObjects: 5.652300 ms)

Prepare: number of updated asset objects reloaded= 0
========================================================================
Received Prepare
Assembly with name 'EditorTests' already exists (Assets/Scripts/EditTests/EditorTests.asmdef)
Assembly with name 'EditorTests' already exists (Assets/Scripts/Tests/Tests.asmdef)
Assembly with name 'EditorTests' already exists (Assets/Scripts/Tests/EditorTests.asmdef)
Assembly with name 'EditorTests' already exists (Assets/Scripts/Tests/Tests.asmdef)
Assembly with name 'EditorTests' already exists (Assets/Scripts/EditTests/EditorTests.asmdef)
Assembly with name 'EditorTests' already exists (Assets/Scripts/Tests/Tests.asmdef)
Assembly with name 'EditorTests' already exists (Assets/Scripts/Tests/EditorTests.asmdef)
Assembly with name 'EditorTests' already exists (Assets/Scripts/Tests/Tests.asmdef)
Begin MonoManager ReloadAssembly
Symbol file LoadedFromMemory is not a mono symbol file
- Loaded All Assemblies, in  0.970 seconds
Assembly with name 'EditorTests' already exists (Assets/Scripts/EditTests/EditorTests.asmdef)
Assembly with name 'EditorTests' already exists (Assets/Scripts/Tests/Tests.asmdef)
Assembly with name 'EditorTests' already exists (Assets/Scripts/Tests/EditorTests.asmdef)
Assembly with name 'EditorTests' already exists (Assets/Scripts/Tests/Tests.asmdef)
Refreshing native plugins compatible for Editor in 1.52 ms, found 4 plugins.
Native extension for WindowsStandalone target not found
Native extension for WebGL target not found
Assembly with name 'EditorTests' already exists (Assets/Scripts/EditTests/EditorTests.asmdef)
Assembly with name 'EditorTests' already exists (Assets/Scripts/Tests/Tests.asmdef)
Assembly with name 'EditorTests' already exists (Assets/Scripts/Tests/EditorTests.asmdef)
Assembly with name 'EditorTests' already exists (Assets/Scripts/Tests/Tests.asmdef)
[Package Manager] Failed to launch server process. Reason: Unity was launched with the -noUpm command-line argument
[Package Manager] Unable to send message (not connected to server process).
[Package Manager] Cannot connect to Unity Package Manager local server
ScheduleIndexationOnStartup MainProcess:False IndexOnStartup:True
Mono: successfully reloaded assembly
- Finished resetting the current domain, in  1.073 seconds
Domain Reload Profiling: 2044ms
	BeginReloadAssembly (267ms)
		ExecutionOrderSort (0ms)
		DisableScriptedObjects (15ms)
		BackupInstance (0ms)
		ReleaseScriptingObjects (0ms)
		CreateAndSetChildDomain (72ms)
	RebuildCommonClasses (45ms)
	RebuildNativeTypeToScriptingClass (18ms)
	initialDomainReloadingComplete (33ms)
	LoadAllAssembliesAndSetupDomain (608ms)
		LoadAssemblies (425ms)
		RebuildTransferFunctionScriptingTraits (0ms)
		AnalyzeDomain (297ms)
			TypeCache.Refresh (17ms)
				TypeCache.ScanAssembly (0ms)
			BuildScriptInfoCaches (260ms)
			ResolveRequiredComponents (14ms)
	FinalizeReload (1074ms)
		ReleaseScriptCaches (0ms)
		RebuildScriptCaches (0ms)
		SetupLoadedEditorAssemblies (884ms)
			LogAssemblyErrors (0ms)
			InitializePlatformSupportModulesInManaged (4ms)
			SetLoadedEditorAssemblies (6ms)
			BeforeProcessingInitializeOnLoad (196ms)
			ProcessInitializeOnLoadAttributes (565ms)
			ProcessInitializeOnLoadMethodAttributes (102ms)
			AfterProcessingInitializeOnLoad (9ms)
			EditorAssembliesLoaded (1ms)
		ExecutionOrderSort2 (0ms)
		AwakeInstancesAfterBackupRestoration (19ms)
Refreshing native plugins compatible for Editor in 1.56 ms, found 4 plugins.
Preloading 0 native plugins for Editor in 0.00 ms.
Unloading 16 Unused Serialized files (Serialized files now loaded: 0)
Unloading 7970 unused Assets / (4.6 MB). Loaded Objects now: 8896.
Memory consumption went from 166.4 MB to 161.8 MB.
Total: 14.888200 ms (FindLiveObjects: 1.571400 ms CreateObjectMapping: 0.973800 ms MarkObjects: 7.963500 ms  DeleteObjects: 4.378200 ms)

Prepare: number of updated asset objects reloaded= 0
========================================================================
Received Prepare
Refreshing native plugins compatible for Editor in 2.21 ms, found 4 plugins.
Preloading 0 native plugins for Editor in 0.00 ms.
Unloading 16 Unused Serialized files (Serialized files now loaded: 0)
Unloading 7959 unused Assets / (4.3 MB). Loaded Objects now: 8896.
Memory consumption went from 166.6 MB to 162.3 MB.
Total: 19.490200 ms (FindLiveObjects: 1.662200 ms CreateObjectMapping: 0.897400 ms MarkObjects: 11.125300 ms  DeleteObjects: 5.803700 ms)

Prepare: number of updated asset objects reloaded= 0
========================================================================
Received Prepare
Assembly with name 'EditorTests' already exists (Assets/Scripts/EditTests/EditorTests.asmdef)
Assembly with name 'EditorTests' already exists (Assets/Scripts/Tests/Tests.asmdef)
Assembly with name 'EditorTests' already exists (Assets/Scripts/Tests/EditorTests.asmdef)
Assembly with name 'EditorTests' already exists (Assets/Scripts/Tests/Tests.asmdef)
Assembly with name 'EditorTests' already exists (Assets/Scripts/EditTests/EditorTests.asmdef)
Assembly with name 'EditorTests' already exists (Assets/Scripts/Tests/Tests.asmdef)
Assembly with name 'EditorTests' already exists (Assets/Scripts/Tests/EditorTests.asmdef)
Assembly with name 'EditorTests' already exists (Assets/Scripts/Tests/Tests.asmdef)
Begin MonoManager ReloadAssembly
[Licensing::Client] Successfully resolved entitlement details
Symbol file LoadedFromMemory is not a mono symbol file
- Loaded All Assemblies, in  1.377 seconds
Assembly with name 'EditorTests' already exists (Assets/Scripts/EditTests/EditorTests.asmdef)
Assembly with name 'EditorTests' already exists (Assets/Scripts/Tests/Tests.asmdef)
Assembly with name 'EditorTests' already exists (Assets/Scripts/Tests/EditorTests.asmdef)
Assembly with name 'EditorTests' already exists (Assets/Scripts/Tests/Tests.asmdef)
Refreshing native plugins compatible for Editor in 1.53 ms, found 4 plugins.
Native extension for WindowsStandalone target not found
Native extension for WebGL target not found
Assembly with name 'EditorTests' already exists (Assets/Scripts/EditTests/EditorTests.asmdef)
Assembly with name 'EditorTests' already exists (Assets/Scripts/Tests/Tests.asmdef)
Assembly with name 'EditorTests' already exists (Assets/Scripts/Tests/EditorTests.asmdef)
Assembly with name 'EditorTests' already exists (Assets/Scripts/Tests/Tests.asmdef)
[Package Manager] Failed to launch server process. Reason: Unity was launched with the -noUpm command-line argument
[Package Manager] Unable to send message (not connected to server process).
[Package Manager] Cannot connect to Unity Package Manager local server
ScheduleIndexationOnStartup MainProcess:False IndexOnStartup:True
Mono: successfully reloaded assembly
- Finished resetting the current domain, in  1.510 seconds
Domain Reload Profiling: 2888ms
	BeginReloadAssembly (448ms)
		ExecutionOrderSort (0ms)
		DisableScriptedObjects (18ms)
		BackupInstance (0ms)
		ReleaseScriptingObjects (0ms)
		CreateAndSetChildDomain (80ms)
	RebuildCommonClasses (64ms)
	RebuildNativeTypeToScriptingClass (25ms)
	initialDomainReloadingComplete (42ms)
	LoadAllAssembliesAndSetupDomain (798ms)
		LoadAssemblies (675ms)
		RebuildTransferFunctionScriptingTraits (0ms)
		AnalyzeDomain (404ms)
			TypeCache.Refresh (17ms)
				TypeCache.ScanAssembly (0ms)
			BuildScriptInfoCaches (338ms)
			ResolveRequiredComponents (21ms)
	FinalizeReload (1510ms)
		ReleaseScriptCaches (0ms)
		RebuildScriptCaches (0ms)
		SetupLoadedEditorAssemblies (1286ms)
			LogAssemblyErrors (0ms)
			InitializePlatformSupportModulesInManaged (2ms)
			SetLoadedEditorAssemblies (6ms)
			BeforeProcessingInitializeOnLoad (238ms)
			ProcessInitializeOnLoadAttributes (932ms)
			ProcessInitializeOnLoadMethodAttributes (100ms)
			AfterProcessingInitializeOnLoad (8ms)
			EditorAssembliesLoaded (0ms)
		ExecutionOrderSort2 (0ms)
		AwakeInstancesAfterBackupRestoration (15ms)
Refreshing native plugins compatible for Editor in 1.49 ms, found 4 plugins.
Preloading 0 native plugins for Editor in 0.00 ms.
Unloading 16 Unused Serialized files (Serialized files now loaded: 0)
Unloading 7970 unused Assets / (4.4 MB). Loaded Objects now: 8899.
Memory consumption went from 166.5 MB to 162.1 MB.
Total: 12.444200 ms (FindLiveObjects: 1.331500 ms CreateObjectMapping: 0.519500 ms MarkObjects: 7.487200 ms  DeleteObjects: 3.104800 ms)

Prepare: number of updated asset objects reloaded= 0
========================================================================
Received Prepare
Refreshing native plugins compatible for Editor in 2.05 ms, found 4 plugins.
Preloading 0 native plugins for Editor in 0.00 ms.
Unloading 16 Unused Serialized files (Serialized files now loaded: 0)
Unloading 7959 unused Assets / (4.7 MB). Loaded Objects now: 8899.
Memory consumption went from 166.6 MB to 162.0 MB.
Total: 17.645500 ms (FindLiveObjects: 1.283200 ms CreateObjectMapping: 0.538700 ms MarkObjects: 10.623100 ms  DeleteObjects: 5.198400 ms)

Prepare: number of updated asset objects reloaded= 0
========================================================================
Received Prepare
Assembly with name 'EditorTests' already exists (Assets/Scripts/EditTests/EditorTests.asmdef)
Assembly with name 'EditorTests' already exists (Assets/Scripts/Tests/Tests.asmdef)
Assembly with name 'EditorTests' already exists (Assets/Scripts/Tests/EditorTests.asmdef)
Assembly with name 'EditorTests' already exists (Assets/Scripts/Tests/Tests.asmdef)
Assembly with name 'EditorTests' already exists (Assets/Scripts/EditTests/EditorTests.asmdef)
Assembly with name 'EditorTests' already exists (Assets/Scripts/Tests/Tests.asmdef)
Assembly with name 'EditorTests' already exists (Assets/Scripts/Tests/EditorTests.asmdef)
Assembly with name 'EditorTests' already exists (Assets/Scripts/Tests/Tests.asmdef)
Begin MonoManager ReloadAssembly
Symbol file LoadedFromMemory is not a mono symbol file
- Loaded All Assemblies, in  1.280 seconds
Assembly with name 'EditorTests' already exists (Assets/Scripts/EditTests/EditorTests.asmdef)
Assembly with name 'EditorTests' already exists (Assets/Scripts/Tests/Tests.asmdef)
Assembly with name 'EditorTests' already exists (Assets/Scripts/Tests/EditorTests.asmdef)
Assembly with name 'EditorTests' already exists (Assets/Scripts/Tests/Tests.asmdef)
Refreshing native plugins compatible for Editor in 2.15 ms, found 4 plugins.
Native extension for WindowsStandalone target not found
Native extension for WebGL target not found
Assembly with name 'EditorTests' already exists (Assets/Scripts/EditTests/EditorTests.asmdef)
Assembly with name 'EditorTests' already exists (Assets/Scripts/Tests/Tests.asmdef)
Assembly with name 'EditorTests' already exists (Assets/Scripts/Tests/EditorTests.asmdef)
Assembly with name 'EditorTests' already exists (Assets/Scripts/Tests/Tests.asmdef)
[Package Manager] Failed to launch server process. Reason: Unity was launched with the -noUpm command-line argument
[Package Manager] Unable to send message (not connected to server process).
[Package Manager] Cannot connect to Unity Package Manager local server
ScheduleIndexationOnStartup MainProcess:False IndexOnStartup:True
Mono: successfully reloaded assembly
- Finished resetting the current domain, in  1.283 seconds
Domain Reload Profiling: 2564ms
	BeginReloadAssembly (488ms)
		ExecutionOrderSort (0ms)
		DisableScriptedObjects (20ms)
		BackupInstance (0ms)
		ReleaseScriptingObjects (0ms)
		CreateAndSetChildDomain (98ms)
	RebuildCommonClasses (98ms)
	RebuildNativeTypeToScriptingClass (25ms)
	initialDomainReloadingComplete (39ms)
	LoadAllAssembliesAndSetupDomain (630ms)
		LoadAssemblies (523ms)
		RebuildTransferFunctionScriptingTraits (0ms)
		AnalyzeDomain (293ms)
			TypeCache.Refresh (13ms)
				TypeCache.ScanAssembly (0ms)
			BuildScriptInfoCaches (258ms)
			ResolveRequiredComponents (14ms)
	FinalizeReload (1283ms)
		ReleaseScriptCaches (0ms)
		RebuildScriptCaches (0ms)
		SetupLoadedEditorAssemblies (1039ms)
			LogAssemblyErrors (0ms)
			InitializePlatformSupportModulesInManaged (3ms)
			SetLoadedEditorAssemblies (6ms)
			BeforeProcessingInitializeOnLoad (247ms)
			ProcessInitializeOnLoadAttributes (661ms)
			ProcessInitializeOnLoadMethodAttributes (111ms)
			AfterProcessingInitializeOnLoad (11ms)
			EditorAssembliesLoaded (1ms)
		ExecutionOrderSort2 (0ms)
		AwakeInstancesAfterBackupRestoration (23ms)
Refreshing native plugins compatible for Editor in 4.53 ms, found 4 plugins.
Preloading 0 native plugins for Editor in 0.00 ms.
Unloading 16 Unused Serialized files (Serialized files now loaded: 0)
Unloading 7970 unused Assets / (4.4 MB). Loaded Objects now: 8902.
Memory consumption went from 166.5 MB to 162.1 MB.
Total: 34.015500 ms (FindLiveObjects: 2.164100 ms CreateObjectMapping: 2.099700 ms MarkObjects: 23.785800 ms  DeleteObjects: 5.964000 ms)

Prepare: number of updated asset objects reloaded= 0
========================================================================
Received Prepare
Assembly with name 'EditorTests' already exists (Assets/Scripts/EditTests/EditorTests.asmdef)
Assembly with name 'EditorTests' already exists (Assets/Scripts/Tests/Tests.asmdef)
Assembly with name 'EditorTests' already exists (Assets/Scripts/Tests/EditorTests.asmdef)
Assembly with name 'EditorTests' already exists (Assets/Scripts/Tests/Tests.asmdef)
Assembly with name 'EditorTests' already exists (Assets/Scripts/EditTests/EditorTests.asmdef)
Assembly with name 'EditorTests' already exists (Assets/Scripts/Tests/Tests.asmdef)
Assembly with name 'EditorTests' already exists (Assets/Scripts/Tests/EditorTests.asmdef)
Assembly with name 'EditorTests' already exists (Assets/Scripts/Tests/Tests.asmdef)
Begin MonoManager ReloadAssembly
[Licensing::Client] Successfully resolved entitlement details
Symbol file LoadedFromMemory is not a mono symbol file
- Loaded All Assemblies, in  1.055 seconds
Assembly with name 'EditorTests' already exists (Assets/Scripts/EditTests/EditorTests.asmdef)
Assembly with name 'EditorTests' already exists (Assets/Scripts/Tests/Tests.asmdef)
Assembly with name 'EditorTests' already exists (Assets/Scripts/Tests/EditorTests.asmdef)
Assembly with name 'EditorTests' already exists (Assets/Scripts/Tests/Tests.asmdef)
Refreshing native plugins compatible for Editor in 2.06 ms, found 4 plugins.
Native extension for WindowsStandalone target not found
Native extension for WebGL target not found
Assembly with name 'EditorTests' already exists (Assets/Scripts/EditTests/EditorTests.asmdef)
Assembly with name 'EditorTests' already exists (Assets/Scripts/Tests/Tests.asmdef)
Assembly with name 'EditorTests' already exists (Assets/Scripts/Tests/EditorTests.asmdef)
Assembly with name 'EditorTests' already exists (Assets/Scripts/Tests/Tests.asmdef)
[Package Manager] Failed to launch server process. Reason: Unity was launched with the -noUpm command-line argument
[Package Manager] Unable to send message (not connected to server process).
[Package Manager] Cannot connect to Unity Package Manager local server
ScheduleIndexationOnStartup MainProcess:False IndexOnStartup:True
Mono: successfully reloaded assembly
- Finished resetting the current domain, in  1.374 seconds
Domain Reload Profiling: 2432ms
	BeginReloadAssembly (270ms)
		ExecutionOrderSort (0ms)
		DisableScriptedObjects (14ms)
		BackupInstance (0ms)
		ReleaseScriptingObjects (0ms)
		CreateAndSetChildDomain (76ms)
	RebuildCommonClasses (44ms)
	RebuildNativeTypeToScriptingClass (16ms)
	initialDomainReloadingComplete (36ms)
	LoadAllAssembliesAndSetupDomain (691ms)
		LoadAssemblies (461ms)
		RebuildTransferFunctionScriptingTraits (0ms)
		AnalyzeDomain (342ms)
			TypeCache.Refresh (19ms)
				TypeCache.ScanAssembly (0ms)
			BuildScriptInfoCaches (301ms)
			ResolveRequiredComponents (16ms)
	FinalizeReload (1375ms)
		ReleaseScriptCaches (0ms)
		RebuildScriptCaches (0ms)
		SetupLoadedEditorAssemblies (1135ms)
			LogAssemblyErrors (0ms)
			InitializePlatformSupportModulesInManaged (3ms)
			SetLoadedEditorAssemblies (7ms)
			BeforeProcessingInitializeOnLoad (330ms)
			ProcessInitializeOnLoadAttributes (678ms)
			ProcessInitializeOnLoadMethodAttributes (110ms)
			AfterProcessingInitializeOnLoad (8ms)
			EditorAssembliesLoaded (1ms)
		ExecutionOrderSort2 (0ms)
		AwakeInstancesAfterBackupRestoration (23ms)
Refreshing native plugins compatible for Editor in 2.15 ms, found 4 plugins.
Preloading 0 native plugins for Editor in 0.00 ms.
Unloading 16 Unused Serialized files (Serialized files now loaded: 0)
Unloading 7970 unused Assets / (5.5 MB). Loaded Objects now: 8905.
Memory consumption went from 166.6 MB to 161.0 MB.
Total: 18.639700 ms (FindLiveObjects: 1.607200 ms CreateObjectMapping: 0.606900 ms MarkObjects: 10.889800 ms  DeleteObjects: 5.533600 ms)

Prepare: number of updated asset objects reloaded= 0
========================================================================
Received Prepare
Refreshing native plugins compatible for Editor in 2.30 ms, found 4 plugins.
Preloading 0 native plugins for Editor in 0.00 ms.
Unloading 16 Unused Serialized files (Serialized files now loaded: 0)
Unloading 7959 unused Assets / (4.5 MB). Loaded Objects now: 8905.
Memory consumption went from 166.7 MB to 162.2 MB.
Total: 23.106800 ms (FindLiveObjects: 1.695200 ms CreateObjectMapping: 0.941700 ms MarkObjects: 14.657400 ms  DeleteObjects: 5.809400 ms)

Prepare: number of updated asset objects reloaded= 0
========================================================================
Received Prepare
Assembly with name 'EditorTests' already exists (Assets/Scripts/EditTests/EditorTests.asmdef)
Assembly with name 'EditorTests' already exists (Assets/Scripts/Tests/Tests.asmdef)
Assembly with name 'EditorTests' already exists (Assets/Scripts/Tests/EditorTests.asmdef)
Assembly with name 'EditorTests' already exists (Assets/Scripts/Tests/Tests.asmdef)
Assembly with name 'EditorTests' already exists (Assets/Scripts/EditTests/EditorTests.asmdef)
Assembly with name 'EditorTests' already exists (Assets/Scripts/Tests/Tests.asmdef)
Assembly with name 'EditorTests' already exists (Assets/Scripts/Tests/EditorTests.asmdef)
Assembly with name 'EditorTests' already exists (Assets/Scripts/Tests/Tests.asmdef)
Begin MonoManager ReloadAssembly
Symbol file LoadedFromMemory is not a mono symbol file
- Loaded All Assemblies, in  0.987 seconds
Assembly with name 'EditorTests' already exists (Assets/Scripts/EditTests/EditorTests.asmdef)
Assembly with name 'EditorTests' already exists (Assets/Scripts/Tests/Tests.asmdef)
Assembly with name 'EditorTests' already exists (Assets/Scripts/Tests/EditorTests.asmdef)
Assembly with name 'EditorTests' already exists (Assets/Scripts/Tests/Tests.asmdef)
Refreshing native plugins compatible for Editor in 1.48 ms, found 4 plugins.
Native extension for WindowsStandalone target not found
Native extension for WebGL target not found
Assembly with name 'EditorTests' already exists (Assets/Scripts/EditTests/EditorTests.asmdef)
Assembly with name 'EditorTests' already exists (Assets/Scripts/Tests/Tests.asmdef)
Assembly with name 'EditorTests' already exists (Assets/Scripts/Tests/EditorTests.asmdef)
Assembly with name 'EditorTests' already exists (Assets/Scripts/Tests/Tests.asmdef)
[Package Manager] Failed to launch server process. Reason: Unity was launched with the -noUpm command-line argument
[Package Manager] Unable to send message (not connected to server process).
[Package Manager] Cannot connect to Unity Package Manager local server
ScheduleIndexationOnStartup MainProcess:False IndexOnStartup:True
Mono: successfully reloaded assembly
- Finished resetting the current domain, in  1.158 seconds
Domain Reload Profiling: 2146ms
	BeginReloadAssembly (279ms)
		ExecutionOrderSort (0ms)
		DisableScriptedObjects (17ms)
		BackupInstance (0ms)
		ReleaseScriptingObjects (0ms)
		CreateAndSetChildDomain (66ms)
	RebuildCommonClasses (45ms)
	RebuildNativeTypeToScriptingClass (25ms)
	initialDomainReloadingComplete (37ms)
	LoadAllAssembliesAndSetupDomain (601ms)
		LoadAssemblies (428ms)
		RebuildTransferFunctionScriptingTraits (0ms)
		AnalyzeDomain (282ms)
			TypeCache.Refresh (15ms)
				TypeCache.ScanAssembly (0ms)
			BuildScriptInfoCaches (246ms)
			ResolveRequiredComponents (14ms)
	FinalizeReload (1159ms)
		ReleaseScriptCaches (0ms)
		RebuildScriptCaches (0ms)
		SetupLoadedEditorAssemblies (969ms)
			LogAssemblyErrors (0ms)
			InitializePlatformSupportModulesInManaged (3ms)
			SetLoadedEditorAssemblies (7ms)
			BeforeProcessingInitializeOnLoad (205ms)
			ProcessInitializeOnLoadAttributes (619ms)
			ProcessInitializeOnLoadMethodAttributes (124ms)
			AfterProcessingInitializeOnLoad (10ms)
			EditorAssembliesLoaded (1ms)
		ExecutionOrderSort2 (0ms)
		AwakeInstancesAfterBackupRestoration (16ms)
Refreshing native plugins compatible for Editor in 1.99 ms, found 4 plugins.
Preloading 0 native plugins for Editor in 0.00 ms.
Unloading 16 Unused Serialized files (Serialized files now loaded: 0)
Unloading 7970 unused Assets / (4.3 MB). Loaded Objects now: 8908.
Memory consumption went from 166.6 MB to 162.3 MB.
Total: 11.503800 ms (FindLiveObjects: 1.180600 ms CreateObjectMapping: 0.457200 ms MarkObjects: 6.775800 ms  DeleteObjects: 3.089200 ms)

Prepare: number of updated asset objects reloaded= 0
========================================================================
Received Prepare
Refreshing native plugins compatible for Editor in 2.05 ms, found 4 plugins.
Preloading 0 native plugins for Editor in 0.00 ms.
Unloading 16 Unused Serialized files (Serialized files now loaded: 0)
Unloading 7959 unused Assets / (4.8 MB). Loaded Objects now: 8908.
Memory consumption went from 166.8 MB to 161.9 MB.
Total: 16.823300 ms (FindLiveObjects: 1.391500 ms CreateObjectMapping: 0.587500 ms MarkObjects: 10.691300 ms  DeleteObjects: 4.151700 ms)

Prepare: number of updated asset objects reloaded= 0
========================================================================
Received Prepare
Assembly with name 'EditorTests' already exists (Assets/Scripts/EditTests/EditorTests.asmdef)
Assembly with name 'EditorTests' already exists (Assets/Scripts/Tests/Tests.asmdef)
Assembly with name 'EditorTests' already exists (Assets/Scripts/Tests/EditorTests.asmdef)
Assembly with name 'EditorTests' already exists (Assets/Scripts/Tests/Tests.asmdef)
Assembly with name 'EditorTests' already exists (Assets/Scripts/EditTests/EditorTests.asmdef)
Assembly with name 'EditorTests' already exists (Assets/Scripts/Tests/Tests.asmdef)
Assembly with name 'EditorTests' already exists (Assets/Scripts/Tests/EditorTests.asmdef)
Assembly with name 'EditorTests' already exists (Assets/Scripts/Tests/Tests.asmdef)
Begin MonoManager ReloadAssembly
[Licensing::Client] Successfully resolved entitlement details
Symbol file LoadedFromMemory is not a mono symbol file
- Loaded All Assemblies, in  1.143 seconds
Assembly with name 'EditorTests' already exists (Assets/Scripts/EditTests/EditorTests.asmdef)
Assembly with name 'EditorTests' already exists (Assets/Scripts/Tests/Tests.asmdef)
Assembly with name 'EditorTests' already exists (Assets/Scripts/Tests/EditorTests.asmdef)
Assembly with name 'EditorTests' already exists (Assets/Scripts/Tests/Tests.asmdef)
Refreshing native plugins compatible for Editor in 2.12 ms, found 4 plugins.
Native extension for WindowsStandalone target not found
Native extension for WebGL target not found
Assembly with name 'EditorTests' already exists (Assets/Scripts/EditTests/EditorTests.asmdef)
Assembly with name 'EditorTests' already exists (Assets/Scripts/Tests/Tests.asmdef)
Assembly with name 'EditorTests' already exists (Assets/Scripts/Tests/EditorTests.asmdef)
Assembly with name 'EditorTests' already exists (Assets/Scripts/Tests/Tests.asmdef)
[Package Manager] Failed to launch server process. Reason: Unity was launched with the -noUpm command-line argument
[Package Manager] Unable to send message (not connected to server process).
[Package Manager] Cannot connect to Unity Package Manager local server
ScheduleIndexationOnStartup MainProcess:False IndexOnStartup:True
Mono: successfully reloaded assembly
- Finished resetting the current domain, in  1.411 seconds
Domain Reload Profiling: 2556ms
	BeginReloadAssembly (296ms)
		ExecutionOrderSort (0ms)
		DisableScriptedObjects (20ms)
		BackupInstance (0ms)
		ReleaseScriptingObjects (0ms)
		CreateAndSetChildDomain (81ms)
	RebuildCommonClasses (60ms)
	RebuildNativeTypeToScriptingClass (22ms)
	initialDomainReloadingComplete (42ms)
	LoadAllAssembliesAndSetupDomain (725ms)
		LoadAssemblies (515ms)
		RebuildTransferFunctionScriptingTraits (0ms)
		AnalyzeDomain (336ms)
			TypeCache.Refresh (20ms)
				TypeCache.ScanAssembly (0ms)
			BuildScriptInfoCaches (293ms)
			ResolveRequiredComponents (15ms)
	FinalizeReload (1412ms)
		ReleaseScriptCaches (0ms)
		RebuildScriptCaches (0ms)
		SetupLoadedEditorAssemblies (1206ms)
			LogAssemblyErrors (0ms)
			InitializePlatformSupportModulesInManaged (3ms)
			SetLoadedEditorAssemblies (8ms)
			BeforeProcessingInitializeOnLoad (266ms)
			ProcessInitializeOnLoadAttributes (802ms)
			ProcessInitializeOnLoadMethodAttributes (119ms)
			AfterProcessingInitializeOnLoad (8ms)
			EditorAssembliesLoaded (1ms)
		ExecutionOrderSort2 (0ms)
		AwakeInstancesAfterBackupRestoration (19ms)
Refreshing native plugins compatible for Editor in 1.66 ms, found 4 plugins.
Preloading 0 native plugins for Editor in 0.00 ms.
Unloading 16 Unused Serialized files (Serialized files now loaded: 0)
Unloading 7970 unused Assets / (4.6 MB). Loaded Objects now: 8911.
Memory consumption went from 166.6 MB to 162.1 MB.
Total: 13.843200 ms (FindLiveObjects: 1.558400 ms CreateObjectMapping: 0.821700 ms MarkObjects: 7.850400 ms  DeleteObjects: 3.610800 ms)

Prepare: number of updated asset objects reloaded= 0
========================================================================
Received Prepare
Assembly with name 'EditorTests' already exists (Assets/Scripts/EditTests/EditorTests.asmdef)
Assembly with name 'EditorTests' already exists (Assets/Scripts/Tests/Tests.asmdef)
Assembly with name 'EditorTests' already exists (Assets/Scripts/Tests/EditorTests.asmdef)
Assembly with name 'EditorTests' already exists (Assets/Scripts/Tests/Tests.asmdef)
Assembly with name 'EditorTests' already exists (Assets/Scripts/EditTests/EditorTests.asmdef)
Assembly with name 'EditorTests' already exists (Assets/Scripts/Tests/Tests.asmdef)
Assembly with name 'EditorTests' already exists (Assets/Scripts/Tests/EditorTests.asmdef)
Assembly with name 'EditorTests' already exists (Assets/Scripts/Tests/Tests.asmdef)
Begin MonoManager ReloadAssembly
Symbol file LoadedFromMemory is not a mono symbol file
- Loaded All Assemblies, in  0.945 seconds
Assembly with name 'EditorTests' already exists (Assets/Scripts/EditTests/EditorTests.asmdef)
Assembly with name 'EditorTests' already exists (Assets/Scripts/Tests/Tests.asmdef)
Assembly with name 'EditorTests' already exists (Assets/Scripts/Tests/EditorTests.asmdef)
Assembly with name 'EditorTests' already exists (Assets/Scripts/Tests/Tests.asmdef)
Refreshing native plugins compatible for Editor in 1.58 ms, found 4 plugins.
Native extension for WindowsStandalone target not found
Native extension for WebGL target not found
Assembly with name 'EditorTests' already exists (Assets/Scripts/EditTests/EditorTests.asmdef)
Assembly with name 'EditorTests' already exists (Assets/Scripts/Tests/Tests.asmdef)
Assembly with name 'EditorTests' already exists (Assets/Scripts/Tests/EditorTests.asmdef)
Assembly with name 'EditorTests' already exists (Assets/Scripts/Tests/Tests.asmdef)
[Package Manager] Failed to launch server process. Reason: Unity was launched with the -noUpm command-line argument
[Package Manager] Unable to send message (not connected to server process).
[Package Manager] Cannot connect to Unity Package Manager local server
ScheduleIndexationOnStartup MainProcess:False IndexOnStartup:True
Mono: successfully reloaded assembly
- Finished resetting the current domain, in  1.076 seconds
Domain Reload Profiling: 2023ms
	BeginReloadAssembly (253ms)
		ExecutionOrderSort (0ms)
		DisableScriptedObjects (15ms)
		BackupInstance (0ms)
		ReleaseScriptingObjects (0ms)
		CreateAndSetChildDomain (60ms)
	RebuildCommonClasses (42ms)
	RebuildNativeTypeToScriptingClass (18ms)
	initialDomainReloadingComplete (34ms)
	LoadAllAssembliesAndSetupDomain (599ms)
		LoadAssemblies (443ms)
		RebuildTransferFunctionScriptingTraits (0ms)
		AnalyzeDomain (271ms)
			TypeCache.Refresh (12ms)
				TypeCache.ScanAssembly (0ms)
			BuildScriptInfoCaches (240ms)
			ResolveRequiredComponents (12ms)
	FinalizeReload (1077ms)
		ReleaseScriptCaches (0ms)
		RebuildScriptCaches (0ms)
		SetupLoadedEditorAssemblies (877ms)
			LogAssemblyErrors (0ms)
			InitializePlatformSupportModulesInManaged (3ms)
			SetLoadedEditorAssemblies (6ms)
			BeforeProcessingInitializeOnLoad (207ms)
			ProcessInitializeOnLoadAttributes (548ms)
			ProcessInitializeOnLoadMethodAttributes (104ms)
			AfterProcessingInitializeOnLoad (8ms)
			EditorAssembliesLoaded (0ms)
		ExecutionOrderSort2 (0ms)
		AwakeInstancesAfterBackupRestoration (17ms)
Refreshing native plugins compatible for Editor in 1.58 ms, found 4 plugins.
Preloading 0 native plugins for Editor in 0.00 ms.
Unloading 16 Unused Serialized files (Serialized files now loaded: 0)
Unloading 7970 unused Assets / (4.3 MB). Loaded Objects now: 8914.
Memory consumption went from 166.7 MB to 162.4 MB.
Total: 14.384000 ms (FindLiveObjects: 1.409900 ms CreateObjectMapping: 0.707800 ms MarkObjects: 7.982800 ms  DeleteObjects: 4.282100 ms)

Prepare: number of updated asset objects reloaded= 0
========================================================================
Received Import Request.
  Time since last request: 502.261707 seconds.
  path: Assets/Scripts/EditTests/MP_AttributesTest.cs
  artifactKey: Guid(2a0205a72cd7c8f4d9e984cbd8c2c8f8) Importer(2089858483,b0f066a214c2f5e87bad3c948f4d605d)
Start importing Assets/Scripts/EditTests/MP_AttributesTest.cs using Guid(2a0205a72cd7c8f4d9e984cbd8c2c8f8) Importer(2089858483,b0f066a214c2f5e87bad3c948f4d605d) (ScriptedImporter) -> (artifact id: '31a917cb006bb6a284b29063b19af92e') in 0.0990644 seconds
Number of updated asset objects reloaded before import = 0Number of asset objects unloaded after import = 0

========================================================================
Received Prepare
Refreshing native plugins compatible for Editor in 1.65 ms, found 4 plugins.
Preloading 0 native plugins for Editor in 0.00 ms.
Unloading 16 Unused Serialized files (Serialized files now loaded: 0)
Unloading 7960 unused Assets / (4.6 MB). Loaded Objects now: 8915.
Memory consumption went from 166.9 MB to 162.3 MB.
Total: 13.416300 ms (FindLiveObjects: 1.534100 ms CreateObjectMapping: 0.593700 ms MarkObjects: 7.555900 ms  DeleteObjects: 3.731100 ms)

Prepare: number of updated asset objects reloaded= 0
========================================================================
Received Import Request.
  Time since last request: 9.007250 seconds.
  path: Assets/Scripts/PlayTest/MP_Bot_AttributesTest.cs
  artifactKey: Guid(aadbc07b40874514592fb6bcd1a3fb7b) Importer(2089858483,b0f066a214c2f5e87bad3c948f4d605d)
Start importing Assets/Scripts/PlayTest/MP_Bot_AttributesTest.cs using Guid(aadbc07b40874514592fb6bcd1a3fb7b) Importer(2089858483,b0f066a214c2f5e87bad3c948f4d605d) (ScriptedImporter) -> (artifact id: '3d7040e06213eee36d97c4fb513d5f90') in 0.0071033 seconds
Number of updated asset objects reloaded before import = 0Number of asset objects unloaded after import = 0

========================================================================
Received Prepare
Refreshing native plugins compatible for Editor in 1.63 ms, found 4 plugins.
Preloading 0 native plugins for Editor in 0.00 ms.
Unloading 16 Unused Serialized files (Serialized files now loaded: 0)
Unloading 7960 unused Assets / (5.0 MB). Loaded Objects now: 8915.
Memory consumption went from 166.9 MB to 161.8 MB.
Total: 17.674400 ms (FindLiveObjects: 1.396600 ms CreateObjectMapping: 0.692800 ms MarkObjects: 10.432800 ms  DeleteObjects: 5.150000 ms)

Prepare: number of updated asset objects reloaded= 0
========================================================================
Received Import Request.
  Time since last request: 35.755205 seconds.
  path: Assets/Scripts/PlayTest/MP_Bot_AttributesTest.cs
  artifactKey: Guid(aadbc07b40874514592fb6bcd1a3fb7b) Importer(2089858483,b0f066a214c2f5e87bad3c948f4d605d)
Start importing Assets/Scripts/PlayTest/MP_Bot_AttributesTest.cs using Guid(aadbc07b40874514592fb6bcd1a3fb7b) Importer(2089858483,b0f066a214c2f5e87bad3c948f4d605d) (ScriptedImporter) -> (artifact id: '6c4c3d24328f71fd199d7e6888194585') in 0.0192619 seconds
Number of updated asset objects reloaded before import = 0Number of asset objects unloaded after import = 0

========================================================================
Received Prepare
Refreshing native plugins compatible for Editor in 2.19 ms, found 4 plugins.
Preloading 0 native plugins for Editor in 0.00 ms.
Unloading 16 Unused Serialized files (Serialized files now loaded: 0)
Unloading 7960 unused Assets / (4.8 MB). Loaded Objects now: 8915.
Memory consumption went from 166.9 MB to 162.1 MB.
Total: 15.550300 ms (FindLiveObjects: 1.401800 ms CreateObjectMapping: 0.627400 ms MarkObjects: 9.293200 ms  DeleteObjects: 4.226100 ms)

Prepare: number of updated asset objects reloaded= 0
========================================================================
Received Import Request.
  Time since last request: 7.144981 seconds.
  path: Assets/Scripts/PlayTest/MP_Bot_AttributesTest.cs
  artifactKey: Guid(aadbc07b40874514592fb6bcd1a3fb7b) Importer(2089858483,b0f066a214c2f5e87bad3c948f4d605d)
Start importing Assets/Scripts/PlayTest/MP_Bot_AttributesTest.cs using Guid(aadbc07b40874514592fb6bcd1a3fb7b) Importer(2089858483,b0f066a214c2f5e87bad3c948f4d605d) (ScriptedImporter) -> (artifact id: '3d75c6798e1f06b88d0432c917fe2a8c') in 0.0059437 seconds
Number of updated asset objects reloaded before import = 0Number of asset objects unloaded after import = 0

========================================================================
Received Prepare
Refreshing native plugins compatible for Editor in 1.72 ms, found 4 plugins.
Preloading 0 native plugins for Editor in 0.00 ms.
Unloading 16 Unused Serialized files (Serialized files now loaded: 0)
Unloading 7960 unused Assets / (4.3 MB). Loaded Objects now: 8915.
Memory consumption went from 166.9 MB to 162.6 MB.
Total: 16.036400 ms (FindLiveObjects: 1.618300 ms CreateObjectMapping: 0.436700 ms MarkObjects: 10.618200 ms  DeleteObjects: 3.361300 ms)

Prepare: number of updated asset objects reloaded= 0
========================================================================
Received Import Request.
  Time since last request: 102.753072 seconds.
  path: Assets/Scripts/PlayTest/MP_Bot_AttributesTest.cs
  artifactKey: Guid(aadbc07b40874514592fb6bcd1a3fb7b) Importer(2089858483,b0f066a214c2f5e87bad3c948f4d605d)
Start importing Assets/Scripts/PlayTest/MP_Bot_AttributesTest.cs using Guid(aadbc07b40874514592fb6bcd1a3fb7b) Importer(2089858483,b0f066a214c2f5e87bad3c948f4d605d) (ScriptedImporter) -> (artifact id: 'dc3fd36daf8888e6cf0d410a865d06f2') in 0.0049145 seconds
Number of updated asset objects reloaded before import = 0Number of asset objects unloaded after import = 0

========================================================================
Received Prepare
Refreshing native plugins compatible for Editor in 1.56 ms, found 4 plugins.
Preloading 0 native plugins for Editor in 0.00 ms.
Unloading 16 Unused Serialized files (Serialized files now loaded: 0)
Unloading 7960 unused Assets / (4.9 MB). Loaded Objects now: 8915.
Memory consumption went from 166.9 MB to 161.9 MB.
Total: 14.465900 ms (FindLiveObjects: 1.139900 ms CreateObjectMapping: 0.446000 ms MarkObjects: 8.988700 ms  DeleteObjects: 3.890200 ms)

Prepare: number of updated asset objects reloaded= 0
========================================================================
Received Import Request.
  Time since last request: 27.563068 seconds.
  path: Assets/Scripts/PlayTest/MP_Bot_AttributesTest.cs
  artifactKey: Guid(aadbc07b40874514592fb6bcd1a3fb7b) Importer(2089858483,b0f066a214c2f5e87bad3c948f4d605d)
Start importing Assets/Scripts/PlayTest/MP_Bot_AttributesTest.cs using Guid(aadbc07b40874514592fb6bcd1a3fb7b) Importer(2089858483,b0f066a214c2f5e87bad3c948f4d605d) (ScriptedImporter) -> (artifact id: '77985c30d9386f79f8c8e9f41340164e') in 0.0048003 seconds
Number of updated asset objects reloaded before import = 0Number of asset objects unloaded after import = 0

========================================================================
Received Prepare
Refreshing native plugins compatible for Editor in 1.65 ms, found 4 plugins.
Preloading 0 native plugins for Editor in 0.00 ms.
Unloading 16 Unused Serialized files (Serialized files now loaded: 0)
Unloading 7960 unused Assets / (4.8 MB). Loaded Objects now: 8915.
Memory consumption went from 166.9 MB to 162.0 MB.
Total: 15.697500 ms (FindLiveObjects: 1.303400 ms CreateObjectMapping: 0.466700 ms MarkObjects: 9.315600 ms  DeleteObjects: 4.610500 ms)

Prepare: number of updated asset objects reloaded= 0
========================================================================
Received Import Request.
  Time since last request: 80.806244 seconds.
  path: Assets/Scripts/Multiplayer/Bot/MP_Bot.cs
  artifactKey: Guid(63f032a50f810e74497609d4f6301780) Importer(2089858483,b0f066a214c2f5e87bad3c948f4d605d)
Start importing Assets/Scripts/Multiplayer/Bot/MP_Bot.cs using Guid(63f032a50f810e74497609d4f6301780) Importer(2089858483,b0f066a214c2f5e87bad3c948f4d605d) (ScriptedImporter) -> (artifact id: 'b282846de0828a953c535602b240bb03') in 0.0190699 seconds
Number of updated asset objects reloaded before import = 0Number of asset objects unloaded after import = 0

========================================================================
Received Prepare
Refreshing native plugins compatible for Editor in 1.68 ms, found 4 plugins.
Preloading 0 native plugins for Editor in 0.00 ms.
Unloading 16 Unused Serialized files (Serialized files now loaded: 0)
Unloading 7960 unused Assets / (4.9 MB). Loaded Objects now: 8915.
Memory consumption went from 166.9 MB to 162.0 MB.
Total: 14.394400 ms (FindLiveObjects: 1.154800 ms CreateObjectMapping: 0.441000 ms MarkObjects: 8.439700 ms  DeleteObjects: 4.357700 ms)

Prepare: number of updated asset objects reloaded= 0
========================================================================
Received Import Request.
  Time since last request: 18.472157 seconds.
  path: Assets/Scripts/PlayTest/MP_Bot_AttributesTest.cs
  artifactKey: Guid(aadbc07b40874514592fb6bcd1a3fb7b) Importer(2089858483,b0f066a214c2f5e87bad3c948f4d605d)
Start importing Assets/Scripts/PlayTest/MP_Bot_AttributesTest.cs using Guid(aadbc07b40874514592fb6bcd1a3fb7b) Importer(2089858483,b0f066a214c2f5e87bad3c948f4d605d) (ScriptedImporter) -> (artifact id: 'e56a6267c927b72a770e459d9160204c') in 0.0038632 seconds
Number of updated asset objects reloaded before import = 0Number of asset objects unloaded after import = 0

========================================================================
Received Prepare
Refreshing native plugins compatible for Editor in 2.17 ms, found 4 plugins.
Preloading 0 native plugins for Editor in 0.00 ms.
Unloading 16 Unused Serialized files (Serialized files now loaded: 0)
Unloading 7960 unused Assets / (4.8 MB). Loaded Objects now: 8915.
Memory consumption went from 166.9 MB to 162.0 MB.
Total: 16.793100 ms (FindLiveObjects: 1.768900 ms CreateObjectMapping: 0.724000 ms MarkObjects: 10.345500 ms  DeleteObjects: 3.953300 ms)

Prepare: number of updated asset objects reloaded= 0
========================================================================
Received Import Request.
  Time since last request: 144.334228 seconds.
  path: Assets/Scripts/PlayTest/MP_Bot_AttributesTest.cs
  artifactKey: Guid(aadbc07b40874514592fb6bcd1a3fb7b) Importer(2089858483,b0f066a214c2f5e87bad3c948f4d605d)
Start importing Assets/Scripts/PlayTest/MP_Bot_AttributesTest.cs using Guid(aadbc07b40874514592fb6bcd1a3fb7b) Importer(2089858483,b0f066a214c2f5e87bad3c948f4d605d) (ScriptedImporter) -> (artifact id: '594618112880feb19da027410a745b99') in 0.0045358 seconds
Number of updated asset objects reloaded before import = 0Number of asset objects unloaded after import = 0

========================================================================
Received Prepare
Refreshing native plugins compatible for Editor in 1.74 ms, found 4 plugins.
Preloading 0 native plugins for Editor in 0.00 ms.
Unloading 16 Unused Serialized files (Serialized files now loaded: 0)
Unloading 7960 unused Assets / (4.6 MB). Loaded Objects now: 8915.
Memory consumption went from 166.9 MB to 162.3 MB.
Total: 13.231900 ms (FindLiveObjects: 1.222300 ms CreateObjectMapping: 0.502100 ms MarkObjects: 7.834500 ms  DeleteObjects: 3.671600 ms)

Prepare: number of updated asset objects reloaded= 0
========================================================================
Received Import Request.
  Time since last request: 17.619551 seconds.
  path: Assets/Scripts/PlayTest/MP_Bot_AttributesTest.cs
  artifactKey: Guid(aadbc07b40874514592fb6bcd1a3fb7b) Importer(2089858483,b0f066a214c2f5e87bad3c948f4d605d)
Start importing Assets/Scripts/PlayTest/MP_Bot_AttributesTest.cs using Guid(aadbc07b40874514592fb6bcd1a3fb7b) Importer(2089858483,b0f066a214c2f5e87bad3c948f4d605d) (ScriptedImporter) -> (artifact id: 'db0e09ad6d64e1b514f79248792b5743') in 0.0046044 seconds
Number of updated asset objects reloaded before import = 0Number of asset objects unloaded after import = 0

========================================================================
Received Prepare
Assembly with name 'EditorTests' already exists (Assets/Scripts/EditTests/EditorTests.asmdef)
Assembly with name 'EditorTests' already exists (Assets/Scripts/Tests/Tests.asmdef)
Assembly with name 'EditorTests' already exists (Assets/Scripts/Tests/EditorTests.asmdef)
Assembly with name 'EditorTests' already exists (Assets/Scripts/Tests/Tests.asmdef)
Assembly with name 'EditorTests' already exists (Assets/Scripts/EditTests/EditorTests.asmdef)
Assembly with name 'EditorTests' already exists (Assets/Scripts/Tests/Tests.asmdef)
Assembly with name 'EditorTests' already exists (Assets/Scripts/Tests/EditorTests.asmdef)
Assembly with name 'EditorTests' already exists (Assets/Scripts/Tests/Tests.asmdef)
Begin MonoManager ReloadAssembly
[Licensing::Client] Successfully resolved entitlement details
Symbol file LoadedFromMemory is not a mono symbol file
- Loaded All Assemblies, in  1.182 seconds
Assembly with name 'EditorTests' already exists (Assets/Scripts/EditTests/EditorTests.asmdef)
Assembly with name 'EditorTests' already exists (Assets/Scripts/Tests/Tests.asmdef)
Assembly with name 'EditorTests' already exists (Assets/Scripts/Tests/EditorTests.asmdef)
Assembly with name 'EditorTests' already exists (Assets/Scripts/Tests/Tests.asmdef)
Refreshing native plugins compatible for Editor in 1.94 ms, found 4 plugins.
Native extension for WindowsStandalone target not found
Native extension for WebGL target not found
Assembly with name 'EditorTests' already exists (Assets/Scripts/EditTests/EditorTests.asmdef)
Assembly with name 'EditorTests' already exists (Assets/Scripts/Tests/Tests.asmdef)
Assembly with name 'EditorTests' already exists (Assets/Scripts/Tests/EditorTests.asmdef)
Assembly with name 'EditorTests' already exists (Assets/Scripts/Tests/Tests.asmdef)
[Package Manager] Failed to launch server process. Reason: Unity was launched with the -noUpm command-line argument
[Package Manager] Unable to send message (not connected to server process).
[Package Manager] Cannot connect to Unity Package Manager local server
ScheduleIndexationOnStartup MainProcess:False IndexOnStartup:True
Mono: successfully reloaded assembly
- Finished resetting the current domain, in  1.205 seconds
Domain Reload Profiling: 2386ms
	BeginReloadAssembly (324ms)
		ExecutionOrderSort (0ms)
		DisableScriptedObjects (19ms)
		BackupInstance (0ms)
		ReleaseScriptingObjects (0ms)
		CreateAndSetChildDomain (79ms)
	RebuildCommonClasses (59ms)
	RebuildNativeTypeToScriptingClass (26ms)
	initialDomainReloadingComplete (44ms)
	LoadAllAssembliesAndSetupDomain (728ms)
		LoadAssemblies (511ms)
		RebuildTransferFunctionScriptingTraits (0ms)
		AnalyzeDomain (349ms)
			TypeCache.Refresh (19ms)
				TypeCache.ScanAssembly (2ms)
			BuildScriptInfoCaches (308ms)
			ResolveRequiredComponents (14ms)
	FinalizeReload (1205ms)
		ReleaseScriptCaches (0ms)
		RebuildScriptCaches (0ms)
		SetupLoadedEditorAssemblies (987ms)
			LogAssemblyErrors (0ms)
			InitializePlatformSupportModulesInManaged (3ms)
			SetLoadedEditorAssemblies (7ms)
			BeforeProcessingInitializeOnLoad (231ms)
			ProcessInitializeOnLoadAttributes (634ms)
			ProcessInitializeOnLoadMethodAttributes (99ms)
			AfterProcessingInitializeOnLoad (12ms)
			EditorAssembliesLoaded (1ms)
		ExecutionOrderSort2 (0ms)
		AwakeInstancesAfterBackupRestoration (21ms)
Refreshing native plugins compatible for Editor in 2.09 ms, found 4 plugins.
Preloading 0 native plugins for Editor in 0.00 ms.
Unloading 16 Unused Serialized files (Serialized files now loaded: 0)
Unloading 7971 unused Assets / (4.4 MB). Loaded Objects now: 8918.
Memory consumption went from 166.7 MB to 162.4 MB.
Total: 11.333800 ms (FindLiveObjects: 1.237400 ms CreateObjectMapping: 0.477100 ms MarkObjects: 6.886900 ms  DeleteObjects: 2.731600 ms)

Prepare: number of updated asset objects reloaded= 0
========================================================================
Received Prepare
Assembly with name 'EditorTests' already exists (Assets/Scripts/EditTests/EditorTests.asmdef)
Assembly with name 'EditorTests' already exists (Assets/Scripts/Tests/Tests.asmdef)
Assembly with name 'EditorTests' already exists (Assets/Scripts/Tests/EditorTests.asmdef)
Assembly with name 'EditorTests' already exists (Assets/Scripts/Tests/Tests.asmdef)
Assembly with name 'EditorTests' already exists (Assets/Scripts/EditTests/EditorTests.asmdef)
Assembly with name 'EditorTests' already exists (Assets/Scripts/Tests/Tests.asmdef)
Assembly with name 'EditorTests' already exists (Assets/Scripts/Tests/EditorTests.asmdef)
Assembly with name 'EditorTests' already exists (Assets/Scripts/Tests/Tests.asmdef)
Begin MonoManager ReloadAssembly
Symbol file LoadedFromMemory is not a mono symbol file
- Loaded All Assemblies, in  0.967 seconds
Assembly with name 'EditorTests' already exists (Assets/Scripts/EditTests/EditorTests.asmdef)
Assembly with name 'EditorTests' already exists (Assets/Scripts/Tests/Tests.asmdef)
Assembly with name 'EditorTests' already exists (Assets/Scripts/Tests/EditorTests.asmdef)
Assembly with name 'EditorTests' already exists (Assets/Scripts/Tests/Tests.asmdef)
Refreshing native plugins compatible for Editor in 1.78 ms, found 4 plugins.
Native extension for WindowsStandalone target not found
Native extension for WebGL target not found
Assembly with name 'EditorTests' already exists (Assets/Scripts/EditTests/EditorTests.asmdef)
Assembly with name 'EditorTests' already exists (Assets/Scripts/Tests/Tests.asmdef)
Assembly with name 'EditorTests' already exists (Assets/Scripts/Tests/EditorTests.asmdef)
Assembly with name 'EditorTests' already exists (Assets/Scripts/Tests/Tests.asmdef)
[Package Manager] Failed to launch server process. Reason: Unity was launched with the -noUpm command-line argument
[Package Manager] Unable to send message (not connected to server process).
[Package Manager] Cannot connect to Unity Package Manager local server
ScheduleIndexationOnStartup MainProcess:False IndexOnStartup:True
Mono: successfully reloaded assembly
- Finished resetting the current domain, in  1.125 seconds
Domain Reload Profiling: 2093ms
	BeginReloadAssembly (257ms)
		ExecutionOrderSort (0ms)
		DisableScriptedObjects (14ms)
		BackupInstance (0ms)
		ReleaseScriptingObjects (0ms)
		CreateAndSetChildDomain (68ms)
	RebuildCommonClasses (47ms)
	RebuildNativeTypeToScriptingClass (20ms)
	initialDomainReloadingComplete (36ms)
	LoadAllAssembliesAndSetupDomain (608ms)
		LoadAssemblies (435ms)
		RebuildTransferFunctionScriptingTraits (0ms)
		AnalyzeDomain (286ms)
			TypeCache.Refresh (9ms)
				TypeCache.ScanAssembly (0ms)
			BuildScriptInfoCaches (258ms)
			ResolveRequiredComponents (12ms)
	FinalizeReload (1126ms)
		ReleaseScriptCaches (0ms)
		RebuildScriptCaches (0ms)
		SetupLoadedEditorAssemblies (936ms)
			LogAssemblyErrors (0ms)
			InitializePlatformSupportModulesInManaged (2ms)
			SetLoadedEditorAssemblies (6ms)
			BeforeProcessingInitializeOnLoad (203ms)
			ProcessInitializeOnLoadAttributes (618ms)
			ProcessInitializeOnLoadMethodAttributes (99ms)
			AfterProcessingInitializeOnLoad (8ms)
			EditorAssembliesLoaded (1ms)
		ExecutionOrderSort2 (0ms)
		AwakeInstancesAfterBackupRestoration (18ms)
Refreshing native plugins compatible for Editor in 1.62 ms, found 4 plugins.
Preloading 0 native plugins for Editor in 0.00 ms.
Unloading 16 Unused Serialized files (Serialized files now loaded: 0)
Unloading 7971 unused Assets / (4.3 MB). Loaded Objects now: 8921.
Memory consumption went from 166.8 MB to 162.5 MB.
Total: 12.802100 ms (FindLiveObjects: 1.351600 ms CreateObjectMapping: 0.456800 ms MarkObjects: 7.279600 ms  DeleteObjects: 3.712900 ms)

Prepare: number of updated asset objects reloaded= 0
========================================================================
Received Prepare
Assembly with name 'EditorTests' already exists (Assets/Scripts/EditTests/EditorTests.asmdef)
Assembly with name 'EditorTests' already exists (Assets/Scripts/Tests/Tests.asmdef)
Assembly with name 'EditorTests' already exists (Assets/Scripts/Tests/EditorTests.asmdef)
Assembly with name 'EditorTests' already exists (Assets/Scripts/Tests/Tests.asmdef)
Assembly with name 'EditorTests' already exists (Assets/Scripts/EditTests/EditorTests.asmdef)
Assembly with name 'EditorTests' already exists (Assets/Scripts/Tests/Tests.asmdef)
Assembly with name 'EditorTests' already exists (Assets/Scripts/Tests/EditorTests.asmdef)
Assembly with name 'EditorTests' already exists (Assets/Scripts/Tests/Tests.asmdef)
Begin MonoManager ReloadAssembly
[Licensing::Client] Successfully resolved entitlement details
Symbol file LoadedFromMemory is not a mono symbol file
- Loaded All Assemblies, in  5.475 seconds
Assembly with name 'EditorTests' already exists (Assets/Scripts/EditTests/EditorTests.asmdef)
Assembly with name 'EditorTests' already exists (Assets/Scripts/Tests/Tests.asmdef)
Assembly with name 'EditorTests' already exists (Assets/Scripts/Tests/EditorTests.asmdef)
Assembly with name 'EditorTests' already exists (Assets/Scripts/Tests/Tests.asmdef)
Refreshing native plugins compatible for Editor in 1.65 ms, found 4 plugins.
Native extension for WindowsStandalone target not found
Native extension for WebGL target not found
Assembly with name 'EditorTests' already exists (Assets/Scripts/EditTests/EditorTests.asmdef)
Assembly with name 'EditorTests' already exists (Assets/Scripts/Tests/Tests.asmdef)
Assembly with name 'EditorTests' already exists (Assets/Scripts/Tests/EditorTests.asmdef)
Assembly with name 'EditorTests' already exists (Assets/Scripts/Tests/Tests.asmdef)
[Package Manager] Failed to launch server process. Reason: Unity was launched with the -noUpm command-line argument
[Package Manager] Unable to send message (not connected to server process).
[Package Manager] Cannot connect to Unity Package Manager local server
ScheduleIndexationOnStartup MainProcess:False IndexOnStartup:True
Mono: successfully reloaded assembly
- Finished resetting the current domain, in  1.528 seconds
Domain Reload Profiling: 7004ms
	BeginReloadAssembly (413ms)
		ExecutionOrderSort (0ms)
		DisableScriptedObjects (48ms)
		BackupInstance (0ms)
		ReleaseScriptingObjects (0ms)
		CreateAndSetChildDomain (137ms)
	RebuildCommonClasses (45ms)
	RebuildNativeTypeToScriptingClass (17ms)
	initialDomainReloadingComplete (35ms)
	LoadAllAssembliesAndSetupDomain (4966ms)
		LoadAssemblies (4737ms)
		RebuildTransferFunctionScriptingTraits (0ms)
		AnalyzeDomain (353ms)
			TypeCache.Refresh (11ms)
				TypeCache.ScanAssembly (0ms)
			BuildScriptInfoCaches (318ms)
			ResolveRequiredComponents (15ms)
	FinalizeReload (1529ms)
		ReleaseScriptCaches (0ms)
		RebuildScriptCaches (0ms)
		SetupLoadedEditorAssemblies (1310ms)
			LogAssemblyErrors (0ms)
			InitializePlatformSupportModulesInManaged (3ms)
			SetLoadedEditorAssemblies (6ms)
			BeforeProcessingInitializeOnLoad (201ms)
			ProcessInitializeOnLoadAttributes (970ms)
			ProcessInitializeOnLoadMethodAttributes (120ms)
			AfterProcessingInitializeOnLoad (9ms)
			EditorAssembliesLoaded (1ms)
		ExecutionOrderSort2 (0ms)
		AwakeInstancesAfterBackupRestoration (27ms)
Refreshing native plugins compatible for Editor in 2.36 ms, found 4 plugins.
Preloading 0 native plugins for Editor in 0.00 ms.
Unloading 16 Unused Serialized files (Serialized files now loaded: 0)
Unloading 7971 unused Assets / (4.6 MB). Loaded Objects now: 8924.
Memory consumption went from 166.8 MB to 162.2 MB.
Total: 19.457000 ms (FindLiveObjects: 2.000400 ms CreateObjectMapping: 0.772100 ms MarkObjects: 11.004400 ms  DeleteObjects: 5.678400 ms)

Prepare: number of updated asset objects reloaded= 0
